operator_name,presence,left_kernel_type_count,right_kernel_type_count,left_shape_dtype_variant_count,right_shape_dtype_variant_count,left_event_count,right_event_count,left_time_us,right_time_us,left_percent,right_percent,percent_point_delta
SiluAndMul,right_only,0,2,0,37,0,21800,0.0,33173.161,0.0,0.258173,0.258173
_C_custom_ar::all_reduce,both,1,1,34,34,512,41472,3509.797,461169.163,0.038031,3.589085,3.551054
aten::_index_put_impl_,both,1,1,3,3,990,990,5258.961,5207.381,0.056984,0.040527,-0.016457
aten::add,both,1,2,101,396,1090,203830,1263.792,458602.571,0.013694,3.56911,3.555416
aten::argmax,both,1,1,64,64,545,545,36883.202,36582.15,0.399651,0.284703,-0.114948
aten::bitwise_not,both,1,1,3,3,990,990,1238.272,1238.839,0.013417,0.009641,-0.003776
aten::cat,both,1,1,64,212,1920,23720,30255.495,67796.531,0.327836,0.527632,0.199796
aten::copy_,both,5,7,390,981,9127,430292,65280.197,1768358.768,0.70735,13.762388,13.055039
aten::embedding,both,1,1,37,37,545,545,1274.422,1251.128,0.013809,0.009737,-0.004072
aten::exp,both,1,1,33,33,990,990,1655.516,1610.653,0.017938,0.012535,-0.005403
aten::fill_,both,1,1,112,64,835,811,769.354,752.686,0.008336,0.005858,-0.002479
aten::full,both,1,1,1,1,198,198,191.812,191.328,0.002078,0.001489,-0.000589
aten::gt,both,1,1,33,33,99,99,102.686,120.326,0.001113,0.000936,-0.000176
aten::index,both,3,3,28,56,2097,7547,6419.14,32201.956,0.069555,0.250614,0.181059
aten::masked_fill_,both,2,2,40,40,1535,1535,4690.142,4706.344,0.05082,0.036627,-0.014193
aten::mean,right_only,0,1,0,148,0,71395,0.0,271399.706,0.0,2.112189,2.112189
aten::mm,both,18,43,88,360,9455,148775,756148.607,1515369.588,8.193317,11.793481,3.600164
aten::mul,both,1,3,3,481,1320,229990,27885.478,746978.648,0.302156,5.813419,5.511263
aten::pow,right_only,0,1,0,148,0,71395,0.0,372859.07,0.0,2.901804,2.901804
aten::rsqrt,right_only,0,1,0,145,0,71395,0.0,77378.553,0.0,0.602205,0.602205
aten::scatter_,both,1,1,17,17,17,17,24.097,23.105,0.000261,0.00018,-8.1e-05
aten::sigmoid,both,1,1,3,74,1320,27250,1630.735,39592.211,0.01767,0.308129,0.290459
aten::silu,right_only,0,1,0,37,0,16350,0.0,64719.195,0.0,0.503682,0.503682
aten::sub,both,2,2,102,202,3911,14811,3949.922,17453.558,0.0428,0.135834,0.093034
aten::zero_,both,1,1,3,3,1320,1320,13984.419,14007.468,0.151529,0.109014,-0.042515
aten::zeros,both,1,1,1,1,2640,59550,2566.038,68311.946,0.027805,0.531643,0.503838
null,both,46,1,1,1,657884,2180,5779534.069,5715.615,62.624667,0.044482,-62.580185
record_param_comms,both,1,1,64,64,545,545,44896.477,46036.252,0.48648,0.358281,-0.128199
symm_mem::two_shot_all_reduce_,both,1,1,3,3,1353,2673,149438.333,882326.035,1.619253,6.86677,5.247518
triton_per_fused_1,left_only,1,0,3,0,990,0,35399.228,0.0,0.383572,0.0,-0.383572
triton_poi_fused_0,left_only,1,0,9,0,1320,0,20172.979,0.0,0.218586,0.0,-0.218586
triton_poi_fused_2,left_only,1,0,3,0,33,0,49.281,0.0,0.000534,0.0,-0.000534
triton_poi_fused_3,left_only,1,0,3,0,297,0,412.485,0.0,0.00447,0.0,-0.00447
triton_poi_fused_5,left_only,1,0,6,0,990,0,7654.262,0.0,0.082938,0.0,-0.082938
triton_poi_fused_7,left_only,1,0,3,0,330,0,10998.93,0.0,0.11918,0.0,-0.11918
triton_poi_fused___and_____or___add_bitwise_not_ge_lt_mul_sub_0,both,1,1,36,36,544,544,614.39,680.593,0.006657,0.005297,-0.001361
triton_poi_fused___and_____or___add_ge_lt_mul_sub_0,both,1,1,1,1,1,1,1.216,1.216,1.3e-05,9e-06,-4e-06
triton_poi_fused___and_____or___bitwise_not_ge_lt_1,both,1,1,1,1,1,1,1.055,1.056,1.1e-05,8e-06,-3e-06
triton_poi_fused__to_copy__unsafe_view_add_clone_linear_mean_mul_pow_rsqrt_silu_view_2,left_only,1,0,3,0,990,0,20426.213,0.0,0.22133,0.0,-0.22133
triton_poi_fused_add_2,left_only,1,0,3,0,330,0,10698.14,0.0,0.115921,0.0,-0.115921
triton_poi_fused_add_4,left_only,1,0,3,0,990,0,32048.731,0.0,0.347267,0.0,-0.347267
triton_poi_fused_mul_sigmoid_view_0,left_only,1,0,3,0,33,0,1024.697,0.0,0.011103,0.0,-0.011103
triton_poi_fused_mul_silu_slice_0,left_only,1,0,3,0,1320,0,12526.618,0.0,0.135733,0.0,-0.135733
triton_red_fused_1,left_only,1,0,3,0,33,0,845.361,0.0,0.00916,0.0,-0.00916
triton_red_fused_6,left_only,1,0,3,0,330,0,5358.282,0.0,0.05806,0.0,-0.05806
triton_red_fused__to_copy_add_copy__fused_add_rms_norm_moe_forward_shared_1,left_only,1,0,3,0,330,0,25921.753,0.0,0.280878,0.0,-0.280878
triton_red_fused__to_copy_add_copy__fused_add_rms_norm_moe_forward_shared_3,left_only,1,0,3,0,990,0,80269.068,0.0,0.869763,0.0,-0.869763
vllm::flashinfer_trtllm_fused_allreduce_norm,left_only,1,0,3,0,1320,0,267025.282,0.0,2.893377,0.0,-2.893377
vllm::moe_forward_shared,both,6,8,3,37,9240,172480,839032.761,3624188.223,9.091416,28.205524,19.114108
vllm::qwen_gdn_attention_core,both,4,6,3,37,3930,34650,329209.149,1061192.345,3.567176,8.258811,4.691636
vllm::unified_attention_with_output,both,1,2,3,37,330,10570,583151.183,1152327.841,6.318788,8.96808,2.649293
vllm::unified_kv_cache_update,both,1,1,3,37,330,5450,7153.954,15688.961,0.077517,0.122101,0.044583
