operator_name,kernel_name,kernel_call_count,kernel_time_us,percent
_C::silu_and_mul,"void vllm::act_and_mul_kernel<c10::BFloat16, __nv_bfloat162, &(c10::BFloat16 vllm::silu_kernel<c10::BFloat16>(c10::BFloat16 const&, float)), &(__nv_bfloat162 vllm::packed_silu_kernel<__nv_bfloat162>(__nv_bfloat162 const&, float)), true, true, false, false>(c10::BFloat16*, c10::BFloat16 const*, int, float, float, float)",23440,107561.272,0.976%
_C_cache_ops::reshape_and_cache_flash,"void vllm::reshape_and_cache_flash_kernel<__nv_bfloat16, __nv_bfloat16, (vllm::Fp8KVCacheDataType)0>(__nv_bfloat16 const*, __nv_bfloat16 const*, __nv_bfloat16*, __nv_bfloat16*, long const*, long, long, long, long, long, int, int, int, float const*, float const*, int)",2930,12922.809,0.117%
_C_custom_ar::all_reduce,"void vllm::cross_device_reduce_1stage<__nv_bfloat16, 2>(vllm::RankData*, vllm::RankSignals, vllm::Signal*, __nv_bfloat16*, int, int)",21060,3563120.479,32.343%
_moe_C::moe_align_block_size,"void vllm::moe::moe_align_block_size_kernel<int>(int const*, int*, int*, int*, int*, int, int, int, int, unsigned long, int*, int, int, bool)",11400,53684.432,0.487%
_moe_C::moe_align_block_size,"void vllm::moe::count_and_sort_expert_tokens_kernel<int>(int const*, int*, int*, int*, unsigned long, int, int, int, bool)",11400,37992.793,0.345%
_moe_C::topk_softmax,"void vllm::moe::topkGating<8, 256, 4, 16, 32, int, __nv_bfloat16, (vllm::moe::ScoringFunc)0>(__nv_bfloat16 const*, bool const*, float*, int, int*, int*, int, int, int, bool, float const*)",11720,89693.195,0.814%
_vllm_fa3_C::fwd,"void cutlass::device_kernel<flash::enable_sm90_or_later<flash::FlashAttnFwdSm90<flash::CollectiveMainloopFwdSm90<2, cute::tuple<cute::C<1>, cute::C<1>, cute::C<1> >, cute::tuple<cute::C<128>, cute::C<80>, cute::C<256> >, 256, cutlass::bfloat16_t, float, cutlass::arch::Sm90, false, false, false, true, true, false, false, true, true, true, true, false, cutlass::bfloat16_t, 1>, flash::CollectiveEpilogueFwd<cute::tuple<cute::C<128>, cute::C<256>, cute::C<80> >, cute::tuple<cute::C<1>, cute::C<1>, cute::C<1> >, cutlass::bfloat16_t, cutlass::arch::Sm90, 256, true, true, true, false, 1>, flash::VarlenDynamicPersistentTileScheduler<128, 80, 256, 128, true, true, true, false, false, true> > > >(flash::enable_sm90_or_later<flash::FlashAttnFwdSm90<flash::CollectiveMainloopFwdSm90<2, cute::tuple<cute::C<1>, cute::C<1>, cute::C<1> >, cute::tuple<cute::C<128>, cute::C<80>, cute::C<256> >, 256, cutlass::bfloat16_t, float, cutlass::arch::Sm90, false, false, false, true, true, false, false, true, true, true, true, false, cutlass::bfloat16_t, 1>, flash::CollectiveEpilogueFwd<cute::tuple<cute::C<128>, cute::C<256>, cute::C<80> >, cute::tuple<cute::C<1>, cute::C<1>, cute::C<1> >, cutlass::bfloat16_t, cutlass::arch::Sm90, 256, true, true, true, false, 1>, flash::VarlenDynamicPersistentTileScheduler<128, 80, 256, 128, true, true, true, false, false, true> > >::Params)",2590,249362.12,2.263%
_vllm_fa3_C::fwd,"void cutlass::device_kernel<flash::enable_sm90_or_later<flash::FlashAttnFwdSm90<flash::CollectiveMainloopFwdSm90<2, cute::tuple<cute::C<1>, cute::C<1>, cute::C<1> >, cute::tuple<cute::C<128>, cute::C<80>, cute::C<256> >, 256, cutlass::bfloat16_t, float, cutlass::arch::Sm90, true, false, false, true, true, false, false, true, true, true, false, false, cutlass::bfloat16_t, 8>, flash::CollectiveEpilogueFwd<cute::tuple<cute::C<128>, cute::C<256>, cute::C<80> >, cute::tuple<cute::C<1>, cute::C<1>, cute::C<1> >, cutlass::bfloat16_t, cutlass::arch::Sm90, 256, true, true, false, false, 8>, flash::VarlenDynamicPersistentTileScheduler<128, 80, 256, 128, false, true, true, true, false, true> > > >(flash::enable_sm90_or_later<flash::FlashAttnFwdSm90<flash::CollectiveMainloopFwdSm90<2, cute::tuple<cute::C<1>, cute::C<1>, cute::C<1> >, cute::tuple<cute::C<128>, cute::C<80>, cute::C<256> >, 256, cutlass::bfloat16_t, float, cutlass::arch::Sm90, true, false, false, true, true, false, false, true, true, true, false, false, cutlass::bfloat16_t, 8>, flash::CollectiveEpilogueFwd<cute::tuple<cute::C<128>, cute::C<256>, cute::C<80> >, cute::tuple<cute::C<1>, cute::C<1>, cute::C<1> >, cutlass::bfloat16_t, cutlass::arch::Sm90, 256, true, true, false, false, 8>, flash::VarlenDynamicPersistentTileScheduler<128, 80, 256, 128, false, true, true, true, false, true> > >::Params)",330,73516.855,0.667%
_vllm_fa3_C::fwd,"void cutlass::device_kernel<flash::FlashAttnFwdCombine<cute::tuple<cute::C<8>, cute::C<128> >, 6, 256, 1, false, true, cutlass::bfloat16_t, float, cutlass::arch::Sm90> >(flash::FlashAttnFwdCombine<cute::tuple<cute::C<8>, cute::C<128> >, 6, 256, 1, false, true, cutlass::bfloat16_t, float, cutlass::arch::Sm90>::Params)",2590,11105.793,0.101%
_vllm_fa3_C::fwd,"void cutlass::device_kernel<flash::enable_sm90_or_later<flash::FlashAttnFwdSm90<flash::CollectiveMainloopFwdSm90<2, cute::tuple<cute::C<1>, cute::C<1>, cute::C<1> >, cute::tuple<cute::C<128>, cute::C<80>, cute::C<256> >, 256, cutlass::bfloat16_t, float, cutlass::arch::Sm90, true, false, false, true, true, false, false, true, true, true, true, false, cutlass::bfloat16_t, 1>, flash::CollectiveEpilogueFwd<cute::tuple<cute::C<128>, cute::C<256>, cute::C<80> >, cute::tuple<cute::C<1>, cute::C<1>, cute::C<1> >, cutlass::bfloat16_t, cutlass::arch::Sm90, 256, true, true, true, false, 1>, flash::VarlenDynamicPersistentTileScheduler<128, 80, 256, 128, true, true, true, true, false, true> > > >(flash::enable_sm90_or_later<flash::FlashAttnFwdSm90<flash::CollectiveMainloopFwdSm90<2, cute::tuple<cute::C<1>, cute::C<1>, cute::C<1> >, cute::tuple<cute::C<128>, cute::C<80>, cute::C<256> >, 256, cutlass::bfloat16_t, float, cutlass::arch::Sm90, true, false, false, true, true, false, false, true, true, true, true, false, cutlass::bfloat16_t, 1>, flash::CollectiveEpilogueFwd<cute::tuple<cute::C<128>, cute::C<256>, cute::C<80> >, cute::tuple<cute::C<1>, cute::C<1>, cute::C<1> >, cutlass::bfloat16_t, cutlass::arch::Sm90, 256, true, true, true, false, 1>, flash::VarlenDynamicPersistentTileScheduler<128, 80, 256, 128, true, true, true, true, false, true> > >::Params)",10,1242.04,0.011%
_vllm_fa3_C::fwd,"void cutlass::device_kernel<flash::FlashAttnFwdCombine<cute::tuple<cute::C<8>, cute::C<128> >, 5, 256, 1, false, true, cutlass::bfloat16_t, float, cutlass::arch::Sm90> >(flash::FlashAttnFwdCombine<cute::tuple<cute::C<8>, cute::C<128> >, 5, 256, 1, false, true, cutlass::bfloat16_t, float, cutlass::arch::Sm90>::Params)",10,66.818,<0.001%
_vllm_fa3_C::get_scheduler_metadata,"void flash::prepare_varlen_num_blocks_kernel<4, false>(int, int, int, int const*, int const*, int const*, int const*, int const*, int const*, int, int, int, int, int, cutlass::FastDivmod, cutlass::FastDivmod, int*, int*, int*, int*, int*, bool, bool, bool, int)",225,416.149,0.004%
_vllm_fa3_C::get_scheduler_metadata,"void flash::prepare_varlen_num_blocks_kernel<1, false>(int, int, int, int const*, int const*, int const*, int const*, int const*, int const*, int, int, int, int, int, cutlass::FastDivmod, cutlass::FastDivmod, int*, int*, int*, int*, int*, bool, bool, bool, int)",36,65.953,<0.001%
_vllm_fa3_C::get_scheduler_metadata,"void flash::prepare_varlen_num_blocks_kernel<2, false>(int, int, int, int const*, int const*, int const*, int const*, int const*, int const*, int, int, int, int, int, cutlass::FastDivmod, cutlass::FastDivmod, int*, int*, int*, int*, int*, bool, bool, bool, int)",32,56.926,<0.001%
aten::_index_put_impl_,"void at::native::index_elementwise_kernel<128, 4, at::native::gpu_index_kernel<at::native::index_put_kernel_impl<at::native::OpaqueType<4> >(at::TensorIterator&, c10::ArrayRef<long>, c10::ArrayRef<long>)::{lambda(char*, char const*, long)#1}>(at::TensorIteratorBase&, c10::ArrayRef<long>, c10::ArrayRef<long>, at::native::index_put_kernel_impl<at::native::OpaqueType<4> >(at::TensorIterator&, c10::ArrayRef<long>, c10::ArrayRef<long>)::{lambda(char*, char const*, long)#1} const&, bool)::{lambda(int)#1}>(long, at::native::gpu_index_kernel<at::native::index_put_kernel_impl<at::native::OpaqueType<4> >(at::TensorIterator&, c10::ArrayRef<long>, c10::ArrayRef<long>)::{lambda(char*, char const*, long)#1}>(at::TensorIteratorBase&, c10::ArrayRef<long>, c10::ArrayRef<long>, at::native::index_put_kernel_impl<at::native::OpaqueType<4> >(at::TensorIterator&, c10::ArrayRef<long>, c10::ArrayRef<long>)::{lambda(char*, char const*, long)#1} const&, bool)::{lambda(int)#1})",1020,5345.231,0.049%
aten::add,"void at::native::vectorized_elementwise_kernel<4, at::native::CUDAFunctor_add<float>, std::array<char*, 3ul> >(int, at::native::CUDAFunctor_add<float>, std::array<char*, 3ul>)",23440,205722.405,1.867%
aten::add,"void at::native::vectorized_elementwise_kernel<4, at::native::CUDAFunctorOnSelf_add<float>, std::array<char*, 2ul> >(int, at::native::CUDAFunctorOnSelf_add<float>, std::array<char*, 2ul>)",59186,74260.5,0.674%
aten::add,"void at::native::vectorized_elementwise_kernel<8, at::native::CUDAFunctor_add<c10::BFloat16>, std::array<char*, 3ul> >(int, at::native::CUDAFunctor_add<c10::BFloat16>, std::array<char*, 3ul>)",11720,59507.999,0.540%
aten::add,"void at::native::vectorized_elementwise_kernel<2, at::native::CUDAFunctor_add<long>, std::array<char*, 3ul> >(int, at::native::CUDAFunctor_add<long>, std::array<char*, 3ul>)",293,426.376,0.004%
aten::add,"void at::native::vectorized_elementwise_kernel<4, at::native::CUDAFunctor_add<int>, std::array<char*, 3ul> >(int, at::native::CUDAFunctor_add<int>, std::array<char*, 3ul>)",293,379.205,0.003%
aten::argmax,"void at::native::reduce_kernel<512, 1, at::native::ReduceOp<float, at::native::ArgMaxOps<float>, unsigned int, long, 4, 4> >(at::native::ReduceOp<float, at::native::ArgMaxOps<float>, unsigned int, long, 4, 4>)",293,9561.475,0.087%
aten::bitwise_not,"void at::native::unrolled_elementwise_kernel<at::native::bitwise_not_kernel_cuda(at::TensorIteratorBase&)::{lambda(bool)#1}, std::array<char*, 2ul>, 4, TrivialOffsetCalculator<1, unsigned int>, TrivialOffsetCalculator<1, unsigned int>, at::native::memory::LoadWithoutCast, at::native::memory::StoreWithoutCast>(int, at::native::bitwise_not_kernel_cuda(at::TensorIteratorBase&)::{lambda(bool)#1}, std::array<char*, 2ul>, TrivialOffsetCalculator<1, unsigned int>, TrivialOffsetCalculator<1, unsigned int>, at::native::memory::LoadWithoutCast, at::native::memory::StoreWithoutCast)",960,1236.044,0.011%
aten::bitwise_not,"void at::native::vectorized_elementwise_kernel<4, at::native::bitwise_not_kernel_cuda(at::TensorIteratorBase&)::{lambda(bool)#1}, std::array<char*, 2ul> >(int, at::native::bitwise_not_kernel_cuda(at::TensorIteratorBase&)::{lambda(bool)#1}, std::array<char*, 2ul>)",30,46.815,<0.001%
aten::bitwise_not,"void at::native::vectorized_elementwise_kernel<2, at::native::bitwise_not_kernel_cuda(at::TensorIteratorBase&)::{lambda(bool)#1}, std::array<char*, 2ul> >(int, at::native::bitwise_not_kernel_cuda(at::TensorIteratorBase&)::{lambda(bool)#1}, std::array<char*, 2ul>)",30,45.598,<0.001%
aten::cat,"void at::native::(anonymous namespace)::CatArrayBatchedCopy_vectorized<at::native::(anonymous namespace)::OpaqueType<2u>, unsigned int, 2, 128, 1, 16, 8>(char*, at::native::(anonymous namespace)::CatArrInputTensorMetadata<at::native::(anonymous namespace)::OpaqueType<2u>, unsigned int, 128, 1>, at::native::(anonymous namespace)::TensorSizeStride<unsigned int, 4u>, int, unsigned int)",990,21785.388,0.198%
aten::cat,"void at::native::(anonymous namespace)::CatArrayBatchedCopy_vectorized<at::native::(anonymous namespace)::OpaqueType<2u>, unsigned int, 1, 128, 1, 16, 8>(char*, at::native::(anonymous namespace)::CatArrInputTensorMetadata<at::native::(anonymous namespace)::OpaqueType<2u>, unsigned int, 128, 1>, at::native::(anonymous namespace)::TensorSizeStride<unsigned int, 4u>, int, unsigned int)",990,1509.038,0.014%
aten::copy_,"void at::native::unrolled_elementwise_kernel<at::native::direct_copy_kernel_cuda(at::TensorIteratorBase&)::{lambda()#3}::operator()() const::{lambda()#7}::operator()() const::{lambda(float)#1}, std::array<char*, 2ul>, 4, TrivialOffsetCalculator<1, unsigned int>, TrivialOffsetCalculator<1, unsigned int>, at::native::memory::LoadWithCast<1>, at::native::memory::StoreWithCast<1> >(int, at::native::direct_copy_kernel_cuda(at::TensorIteratorBase&)::{lambda()#3}::operator()() const::{lambda()#7}::operator()() const::{lambda(float)#1}, std::array<char*, 2ul>, TrivialOffsetCalculator<1, unsigned int>, TrivialOffsetCalculator<1, unsigned int>, at::native::memory::LoadWithCast<1>, at::native::memory::StoreWithCast<1>)",80039,551086.796,5.002%
aten::copy_,"void at::native::vectorized_elementwise_kernel<8, at::native::bfloat16_copy_kernel_cuda(at::TensorIteratorBase&)::{lambda(float)#1}, std::array<char*, 2ul> >(int, at::native::bfloat16_copy_kernel_cuda(at::TensorIteratorBase&)::{lambda(float)#1}, std::array<char*, 2ul>)",53033,250508.721,2.274%
aten::copy_,"void at::native::elementwise_kernel<128, 4, at::native::gpu_kernel_impl_nocast<at::native::direct_copy_kernel_cuda(at::TensorIteratorBase&)::{lambda()#3}::operator()() const::{lambda()#12}::operator()() const::{lambda(c10::BFloat16)#1}>(at::TensorIteratorBase&, at::native::direct_copy_kernel_cuda(at::TensorIteratorBase&)::{lambda()#3}::operator()() const::{lambda()#12}::operator()() const::{lambda(c10::BFloat16)#1} const&)::{lambda(int)#1}>(int, at::native::gpu_kernel_impl_nocast<at::native::direct_copy_kernel_cuda(at::TensorIteratorBase&)::{lambda()#3}::operator()() const::{lambda()#12}::operator()() const::{lambda(c10::BFloat16)#1}>(at::TensorIteratorBase&, at::native::direct_copy_kernel_cuda(at::TensorIteratorBase&)::{lambda()#3}::operator()() const::{lambda()#12}::operator()() const::{lambda(c10::BFloat16)#1} const&)::{lambda(int)#1})",40807,182609.703,1.658%
aten::copy_,"void at::native::elementwise_kernel<128, 4, at::native::gpu_kernel_impl<at::native::direct_copy_kernel_cuda(at::TensorIteratorBase&)::{lambda()#3}::operator()() const::{lambda()#7}::operator()() const::{lambda(float)#1}>(at::TensorIteratorBase&, at::native::direct_copy_kernel_cuda(at::TensorIteratorBase&)::{lambda()#3}::operator()() const::{lambda()#7}::operator()() const::{lambda(float)#1} const&)::{lambda(int)#1}>(int, at::native::gpu_kernel_impl<at::native::direct_copy_kernel_cuda(at::TensorIteratorBase&)::{lambda()#3}::operator()() const::{lambda()#7}::operator()() const::{lambda(float)#1}>(at::TensorIteratorBase&, at::native::direct_copy_kernel_cuda(at::TensorIteratorBase&)::{lambda()#3}::operator()() const::{lambda()#7}::operator()() const::{lambda(float)#1} const&)::{lambda(int)#1})",2880,11790.952,0.107%
aten::copy_,"void at::native::unrolled_elementwise_kernel<at::native::direct_copy_kernel_cuda(at::TensorIteratorBase&)::{lambda()#3}::operator()() const::{lambda()#4}::operator()() const::{lambda(long)#1}, std::array<char*, 2ul>, 4, TrivialOffsetCalculator<1, unsigned int>, TrivialOffsetCalculator<1, unsigned int>, at::native::memory::LoadWithCast<1>, at::native::memory::StoreWithCast<1> >(int, at::native::direct_copy_kernel_cuda(at::TensorIteratorBase&)::{lambda()#3}::operator()() const::{lambda()#4}::operator()() const::{lambda(long)#1}, std::array<char*, 2ul>, TrivialOffsetCalculator<1, unsigned int>, TrivialOffsetCalculator<1, unsigned int>, at::native::memory::LoadWithCast<1>, at::native::memory::StoreWithCast<1>)",3646,5688.507,0.052%
aten::copy_,"void at::native::unrolled_elementwise_kernel<at::native::direct_copy_kernel_cuda(at::TensorIteratorBase&)::{lambda()#3}::operator()() const::{lambda()#3}::operator()() const::{lambda(int)#1}, std::array<char*, 2ul>, 4, TrivialOffsetCalculator<1, unsigned int>, TrivialOffsetCalculator<1, unsigned int>, at::native::memory::LoadWithCast<1>, at::native::memory::StoreWithCast<1> >(int, at::native::direct_copy_kernel_cuda(at::TensorIteratorBase&)::{lambda()#3}::operator()() const::{lambda()#3}::operator()() const::{lambda(int)#1}, std::array<char*, 2ul>, TrivialOffsetCalculator<1, unsigned int>, TrivialOffsetCalculator<1, unsigned int>, at::native::memory::LoadWithCast<1>, at::native::memory::StoreWithCast<1>)",395,578.221,0.005%
aten::copy_,"void at::native::elementwise_kernel<128, 2, at::native::gpu_kernel_impl_nocast<at::native::direct_copy_kernel_cuda(at::TensorIteratorBase&)::{lambda()#3}::operator()() const::{lambda()#4}::operator()() const::{lambda(long)#1}>(at::TensorIteratorBase&, at::native::direct_copy_kernel_cuda(at::TensorIteratorBase&)::{lambda()#3}::operator()() const::{lambda()#4}::operator()() const::{lambda(long)#1} const&)::{lambda(int)#1}>(int, at::native::gpu_kernel_impl_nocast<at::native::direct_copy_kernel_cuda(at::TensorIteratorBase&)::{lambda()#3}::operator()() const::{lambda()#4}::operator()() const::{lambda(long)#1}>(at::TensorIteratorBase&, at::native::direct_copy_kernel_cuda(at::TensorIteratorBase&)::{lambda()#3}::operator()() const::{lambda()#4}::operator()() const::{lambda(long)#1} const&)::{lambda(int)#1})",293,490.563,0.004%
aten::exp,"void at::native::vectorized_elementwise_kernel<4, at::native::exp_kernel_cuda(at::TensorIteratorBase&)::{lambda()#2}::operator()() const::{lambda()#2}::operator()() const::{lambda(float)#1}, std::array<char*, 2ul> >(int, at::native::exp_kernel_cuda(at::TensorIteratorBase&)::{lambda()#2}::operator()() const::{lambda()#2}::operator()() const::{lambda(float)#1}, std::array<char*, 2ul>)",1020,1917.35,0.017%
aten::fill_,"void at::native::vectorized_elementwise_kernel<8, at::native::FillFunctor<c10::BFloat16>, std::array<char*, 1ul> >(int, at::native::FillFunctor<c10::BFloat16>, std::array<char*, 1ul>)",8790,20012.711,0.182%
aten::fill_,"void at::native::vectorized_elementwise_kernel<4, at::native::FillFunctor<int>, std::array<char*, 1ul> >(int, at::native::FillFunctor<int>, std::array<char*, 1ul>)",1162,1181.586,0.011%
aten::fill_,"void at::native::unrolled_elementwise_kernel<at::native::FillFunctor<int>, std::array<char*, 1ul>, 4, TrivialOffsetCalculator<0, unsigned int>, TrivialOffsetCalculator<1, unsigned int>, at::native::memory::LoadWithoutCast, at::native::memory::StoreWithoutCast>(int, at::native::FillFunctor<int>, std::array<char*, 1ul>, TrivialOffsetCalculator<0, unsigned int>, TrivialOffsetCalculator<1, unsigned int>, at::native::memory::LoadWithoutCast, at::native::memory::StoreWithoutCast)",41,37.281,<0.001%
aten::fill_,"void at::native::vectorized_elementwise_kernel<2, at::native::FillFunctor<int>, std::array<char*, 1ul> >(int, at::native::FillFunctor<int>, std::array<char*, 1ul>)",17,16.993,<0.001%
aten::gather,"void at::native::vectorized_gather_kernel<16, long>(char*, char*, long*, int, long, long, long, long, bool)",281,874.029,0.008%
aten::gt,"void at::native::vectorized_elementwise_kernel<4, at::native::compare_scalar_kernel<int>(at::TensorIteratorBase&, at::native::(anonymous namespace)::OpType, int)::{lambda(int)#1}, std::array<char*, 2ul> >(int, at::native::compare_scalar_kernel<int>(at::TensorIteratorBase&, at::native::(anonymous namespace)::OpType, int)::{lambda(int)#1}, std::array<char*, 2ul>)",102,139.556,0.001%
aten::index,"void at::native::index_elementwise_kernel<128, 4, at::native::gpu_index_kernel<at::native::index_kernel_impl<at::native::OpaqueType<2> >(at::TensorIteratorBase&, c10::ArrayRef<long>, c10::ArrayRef<long>)::{lambda(char*, char const*, long)#1}>(at::TensorIteratorBase&, c10::ArrayRef<long>, c10::ArrayRef<long>, at::native::index_kernel_impl<at::native::OpaqueType<2> >(at::TensorIteratorBase&, c10::ArrayRef<long>, c10::ArrayRef<long>)::{lambda(char*, char const*, long)#1} const&, bool)::{lambda(int)#1}>(long, at::native::gpu_index_kernel<at::native::index_kernel_impl<at::native::OpaqueType<2> >(at::TensorIteratorBase&, c10::ArrayRef<long>, c10::ArrayRef<long>)::{lambda(char*, char const*, long)#1}>(at::TensorIteratorBase&, c10::ArrayRef<long>, c10::ArrayRef<long>, at::native::index_kernel_impl<at::native::OpaqueType<2> >(at::TensorIteratorBase&, c10::ArrayRef<long>, c10::ArrayRef<long>)::{lambda(char*, char const*, long)#1} const&, bool)::{lambda(int)#1})",2936,14152.763,0.128%
aten::index,"void at::native::vectorized_gather_kernel<16, long>(char*, char*, long*, int, long, long, long, long, bool)",1217,4616.873,0.042%
aten::index,"void at::native::index_elementwise_kernel<128, 4, at::native::gpu_index_kernel<at::native::index_kernel_impl<at::native::OpaqueType<4> >(at::TensorIteratorBase&, c10::ArrayRef<long>, c10::ArrayRef<long>)::{lambda(char*, char const*, long)#1}>(at::TensorIteratorBase&, c10::ArrayRef<long>, c10::ArrayRef<long>, at::native::index_kernel_impl<at::native::OpaqueType<4> >(at::TensorIteratorBase&, c10::ArrayRef<long>, c10::ArrayRef<long>)::{lambda(char*, char const*, long)#1} const&, bool)::{lambda(int)#1}>(long, at::native::gpu_index_kernel<at::native::index_kernel_impl<at::native::OpaqueType<4> >(at::TensorIteratorBase&, c10::ArrayRef<long>, c10::ArrayRef<long>)::{lambda(char*, char const*, long)#1}>(at::TensorIteratorBase&, c10::ArrayRef<long>, c10::ArrayRef<long>, at::native::index_kernel_impl<at::native::OpaqueType<4> >(at::TensorIteratorBase&, c10::ArrayRef<long>, c10::ArrayRef<long>)::{lambda(char*, char const*, long)#1} const&, bool)::{lambda(int)#1})",400,1100.303,0.010%
aten::index_select,"void at::native::(anonymous namespace)::indexSelectSmallIndex<c10::BFloat16, long, unsigned int, 2, 2, -2>(at::cuda::detail::TensorInfo<c10::BFloat16, unsigned int>, at::cuda::detail::TensorInfo<c10::BFloat16 const, unsigned int>, at::cuda::detail::TensorInfo<long const, unsigned int>, int, int, unsigned int, long)",12,54.244,<0.001%
aten::masked_fill_,"void at::native::elementwise_kernel<128, 2, at::native::gpu_kernel_impl_nocast<at::native::(anonymous namespace)::masked_fill_kernel(at::TensorIterator&, c10::Scalar const&)::{lambda()#1}::operator()() const::{lambda()#7}::operator()() const::{lambda(float, bool)#1}>(at::TensorIteratorBase&, at::native::(anonymous namespace)::masked_fill_kernel(at::TensorIterator&, c10::Scalar const&)::{lambda()#1}::operator()() const::{lambda()#7}::operator()() const::{lambda(float, bool)#1} const&)::{lambda(int)#1}>(int, at::native::gpu_kernel_impl_nocast<at::native::(anonymous namespace)::masked_fill_kernel(at::TensorIterator&, c10::Scalar const&)::{lambda()#1}::operator()() const::{lambda()#7}::operator()() const::{lambda(float, bool)#1}>(at::TensorIteratorBase&, at::native::(anonymous namespace)::masked_fill_kernel(at::TensorIterator&, c10::Scalar const&)::{lambda()#1}::operator()() const::{lambda()#7}::operator()() const::{lambda(float, bool)#1} const&)::{lambda(int)#1})",1020,3621.126,0.033%
aten::masked_fill_,"void at::native::elementwise_kernel<128, 4, at::native::gpu_kernel_impl_nocast<at::native::(anonymous namespace)::masked_fill_kernel(at::TensorIterator&, c10::Scalar const&)::{lambda()#1}::operator()() const::{lambda()#12}::operator()() const::{lambda(c10::BFloat16, bool)#1}>(at::TensorIteratorBase&, at::native::(anonymous namespace)::masked_fill_kernel(at::TensorIterator&, c10::Scalar const&)::{lambda()#1}::operator()() const::{lambda()#12}::operator()() const::{lambda(c10::BFloat16, bool)#1} const&)::{lambda(int)#1}>(int, at::native::gpu_kernel_impl_nocast<at::native::(anonymous namespace)::masked_fill_kernel(at::TensorIterator&, c10::Scalar const&)::{lambda()#1}::operator()() const::{lambda()#12}::operator()() const::{lambda(c10::BFloat16, bool)#1}>(at::TensorIteratorBase&, at::native::(anonymous namespace)::masked_fill_kernel(at::TensorIterator&, c10::Scalar const&)::{lambda()#1}::operator()() const::{lambda()#12}::operator()() const::{lambda(c10::BFloat16, bool)#1} const&)::{lambda(int)#1})",293,2048.912,0.019%
aten::mean,"void at::native::reduce_kernel<512, 1, at::native::ReduceOp<float, at::native::MeanOps<float, float, float, float>, unsigned int, float, 4, 4> >(at::native::ReduceOp<float, at::native::MeanOps<float, float, float, float>, unsigned int, float, 4, 4>)",29593,214207.177,1.944%
aten::mm,nvjet_tst_192x192_64x4_2x1_v_bz_coopB_TNN,940,257647.269,2.339%
aten::mm,nvjet_tst_256x128_64x4_1x2_h_bz_coopA_TNT,3830,174124.628,1.581%
aten::mm,nvjet_tst_64x8_64x16_2x4_h_bz_TNT,19760,110388.284,1.002%
aten::mm,nvjet_tst_64x32_64x16_4x2_h_bz_TNT,17440,89779.672,0.815%
aten::mm,nvjet_tst_72x64_64x12_4x1_v_bz_TNN,6540,77812.903,0.706%
aten::mm,nvjet_tst_192x192_64x4_1x2_h_bz_coopB_TNN,320,64699.595,0.587%
aten::mm,nvjet_tst_64x8_64x16_1x1_h_bz_TNT,8960,44851.441,0.407%
aten::mm,nvjet_tst_320x64_64x4_2x1_v_bz_TNT,232,43283.625,0.393%
aten::mm,nvjet_tst_8x64_64x16_4x1_v_bz_TNN,7340,38395.45,0.349%
aten::mm,nvjet_tst_64x8_64x16_2x1_v_bz_TNT,1240,22674.944,0.206%
aten::mm,nvjet_tst_128x128_64x6_2x1_v_bz_TNT,1320,22109.824,0.201%
aten::mm,nvjet_tst_64x64_64x13_4x1_v_bz_TNT,2270,21017.358,0.191%
aten::mm,nvjet_tst_32x64_64x16_1x2_h_bz_TNN,930,15128.77,0.137%
aten::mm,nvjet_tst_64x8_64x16_4x1_v_bz_TNT,1320,8446.773,0.077%
aten::mm,nvjet_tst_24x64_64x16_4x1_v_bz_TNN,1040,5413.593,0.049%
aten::mm,nvjet_tst_64x8_64x16_1x4_h_bz_TNT,870,4606.613,0.042%
aten::mm,nvjet_tst_256x152_64x4_2x1_v_bz_coopA_TNT,40,4353.277,0.040%
aten::mm,"void dot_kernel<float, 128, 0, cublasDotParams<cublasGemvTensorStridedBatched<__nv_bfloat16 const>, cublasGemvTensorStridedBatched<float> > >(cublasDotParams<cublasGemvTensorStridedBatched<__nv_bfloat16 const>, cublasGemvTensorStridedBatched<float> >)",1640,3881.197,0.035%
aten::mm,nvjet_tst_64x24_64x16_4x2_h_bz_TNT,640,3267.016,0.030%
aten::mm,nvjet_tst_48x64_64x15_2x1_v_bz_TNN,270,3193.18,0.029%
aten::mm,"void reduce_1Block_kernel<float, 128, 7, cublasGemvTensorStridedBatched<float>, cublasGemvTensorStridedBatched<__nv_bfloat16 const>, cublasGemvTensorStridedBatched<__nv_bfloat16> >(float const*, float, cublasGemvTensorStridedBatched<float>, int, float const*, float, cublasGemvTensorStridedBatched<__nv_bfloat16 const>, cublasGemvTensorStridedBatched<__nv_bfloat16>, cublasPointerMode_t, cublasLtEpilogue_t, cublasGemvTensorStridedBatched<biasType<cublasGemvTensorStridedBatched<__nv_bfloat16>::value_type, float>::type const>)",1640,2789.138,0.025%
aten::mm,nvjet_tst_64x8_64x16_4x2_h_bz_TNT,480,2327.278,0.021%
aten::mm,nvjet_tst_256x128_64x4_2x1_v_bz_coopA_TNT,80,2324.783,0.021%
aten::mm,nvjet_tst_256x8_64x6_2x1_v_bz_TNT,13,2204.75,0.020%
aten::mm,nvjet_tst_64x40_64x16_4x1_v_bz_TNT,160,1837.64,0.017%
aten::mm,nvjet_tst_64x48_64x15_4x1_v_bz_TNT,160,1817.833,0.017%
aten::mm,nvjet_tst_64x56_64x14_4x1_v_bz_TNT,160,1815.107,0.016%
aten::mm,nvjet_tst_64x32_64x16_4x1_v_bz_TNT,160,1800.197,0.016%
aten::mm,nvjet_tst_64x24_64x16_4x1_v_bz_TNT,160,1785.995,0.016%
aten::mm,nvjet_tst_64x16_64x16_4x1_v_bz_TNT,160,1769.87,0.016%
aten::mm,nvjet_tst_64x16_64x16_4x2_h_bz_TNT,320,1611.779,0.015%
aten::mm,nvjet_tst_256x56_64x5_2x1_v_bz_TNT,8,1457.471,0.013%
aten::mm,nvjet_tst_256x48_64x5_2x1_v_bz_TNT,8,1453.566,0.013%
aten::mm,nvjet_tst_256x40_64x5_2x1_v_bz_TNT,8,1439.966,0.013%
aten::mm,nvjet_tst_256x32_64x5_2x1_v_bz_TNT,8,1417.34,0.013%
aten::mm,nvjet_tst_256x24_64x6_2x1_v_bz_TNT,8,1412.86,0.013%
aten::mm,nvjet_tst_256x16_64x6_2x1_v_bz_TNT,8,1400.543,0.013%
aten::mm,nvjet_tst_256x96_64x4_2x1_v_bz_coopA_TNT,30,1343.901,0.012%
aten::mm,nvjet_tst_256x72_64x5_1x2_h_bz_TNT,40,720.395,0.007%
aten::mm,nvjet_tst_64x8_64x16_1x2_h_bz_TNT,120,600.808,0.005%
aten::mm,"void gemv2T_kernel_val<int, int, __nv_bfloat16, __nv_bfloat16, __nv_bfloat16, float, 128, 16, 4, 4, false, false, cublasGemvParamsEx<int, cublasGemvTensorStridedBatched<__nv_bfloat16 const>, cublasGemvTensorStridedBatched<__nv_bfloat16 const>, cublasGemvTensorStridedBatched<__nv_bfloat16>, float> >(cublasGemvParamsEx<int, cublasGemvTensorStridedBatched<__nv_bfloat16 const>, cublasGemvTensorStridedBatched<__nv_bfloat16 const>, cublasGemvTensorStridedBatched<__nv_bfloat16>, float>, float, float)",40,535.365,0.005%
aten::mm,nvjet_tst_16x64_64x16_2x1_v_bz_TNN,60,489.895,0.004%
aten::mm,nvjet_tst_128x64_64x8_1x2_h_bz_TNT,40,461.284,0.004%
aten::mm,nvjet_tst_64x128_64x8_2x1_v_bz_TNN,40,433.552,0.004%
aten::mm,nvjet_tst_64x96_64x10_4x2_h_bz_TNT,40,299.875,0.003%
aten::mm,nvjet_tst_64x48_64x15_2x4_h_bz_TNT,40,266.183,0.002%
aten::mm,nvjet_tst_128x208_64x5_4x2_h_bz_coopA_TNT,40,247.618,0.002%
aten::mm,nvjet_tst_8x64_64x16_4x2_h_bz_TNN,30,189.984,0.002%
aten::mm,"std::enable_if<!(false), void>::type internal::gemvx::kernel<int, int, __nv_bfloat16, __nv_bfloat16, __nv_bfloat16, float, false, true, true, false, 7, false, cublasGemvParamsEx<int, cublasGemvTensorStridedBatched<__nv_bfloat16 const>, cublasGemvTensorStridedBatched<__nv_bfloat16 const>, cublasGemvTensorStridedBatched<__nv_bfloat16>, float> >(cublasGemvParamsEx<int, cublasGemvTensorStridedBatched<__nv_bfloat16 const>, cublasGemvTensorStridedBatched<__nv_bfloat16 const>, cublasGemvTensorStridedBatched<__nv_bfloat16>, float>)",40,154.978,0.001%
aten::mul,"void at::native::elementwise_kernel<128, 2, at::native::gpu_kernel_impl_nocast<at::native::BinaryFunctor<float, float, float, at::native::binary_internal::MulFunctor<float> > >(at::TensorIteratorBase&, at::native::BinaryFunctor<float, float, float, at::native::binary_internal::MulFunctor<float> > const&)::{lambda(int)#1}>(int, at::native::gpu_kernel_impl_nocast<at::native::BinaryFunctor<float, float, float, at::native::binary_internal::MulFunctor<float> > >(at::TensorIteratorBase&, at::native::BinaryFunctor<float, float, float, at::native::binary_internal::MulFunctor<float> > const&)::{lambda(int)#1})",58731,438793.456,3.983%
aten::mul,"void at::native::elementwise_kernel<128, 4, at::native::gpu_kernel_impl_nocast<at::native::BinaryFunctor<c10::BFloat16, c10::BFloat16, c10::BFloat16, at::native::binary_internal::MulFunctor<float> > >(at::TensorIteratorBase&, at::native::BinaryFunctor<c10::BFloat16, c10::BFloat16, c10::BFloat16, at::native::binary_internal::MulFunctor<float> > const&)::{lambda(int)#1}>(int, at::native::gpu_kernel_impl_nocast<at::native::BinaryFunctor<c10::BFloat16, c10::BFloat16, c10::BFloat16, at::native::binary_internal::MulFunctor<float> > >(at::TensorIteratorBase&, at::native::BinaryFunctor<c10::BFloat16, c10::BFloat16, c10::BFloat16, at::native::binary_internal::MulFunctor<float> > const&)::{lambda(int)#1})",11720,92428.378,0.839%
aten::mul,"void at::native::vectorized_elementwise_kernel<8, at::native::BinaryFunctor<c10::BFloat16, c10::BFloat16, c10::BFloat16, at::native::binary_internal::MulFunctor<float> >, std::array<char*, 3ul> >(int, at::native::BinaryFunctor<c10::BFloat16, c10::BFloat16, c10::BFloat16, at::native::binary_internal::MulFunctor<float> >, std::array<char*, 3ul>)",2930,15077.952,0.137%
aten::mul,"void at::native::vectorized_elementwise_kernel<4, at::native::BinaryFunctor<float, float, float, at::native::binary_internal::MulFunctor<float> >, std::array<char*, 3ul> >(int, at::native::BinaryFunctor<float, float, float, at::native::binary_internal::MulFunctor<float> >, std::array<char*, 3ul>)",455,542.969,0.005%
aten::pow,"void at::native::vectorized_elementwise_kernel<4, at::native::(anonymous namespace)::pow_tensor_scalar_kernel_impl<float, float>(at::TensorIteratorBase&, float)::{lambda(float)#1}, std::array<char*, 2ul> >(int, at::native::(anonymous namespace)::pow_tensor_scalar_kernel_impl<float, float>(at::TensorIteratorBase&, float)::{lambda(float)#1}, std::array<char*, 2ul>)",29593,166857.507,1.515%
aten::rsqrt,"void at::native::vectorized_elementwise_kernel<4, at::native::rsqrt_kernel_cuda(at::TensorIteratorBase&)::{lambda()#2}::operator()() const::{lambda()#2}::operator()() const::{lambda(float)#1}, std::array<char*, 2ul> >(int, at::native::rsqrt_kernel_cuda(at::TensorIteratorBase&)::{lambda()#2}::operator()() const::{lambda()#2}::operator()() const::{lambda(float)#1}, std::array<char*, 2ul>)",29593,38094.001,0.346%
aten::scatter_,"void at::native::_scatter_gather_elementwise_kernel<128, 8, at::native::_cuda_scatter_gather_internal_kernel<true, at::native::OpaqueType<4>, long>::operator()<at::native::TensorAssign>(at::TensorIterator&, long, long, long, at::native::TensorAssign const&)::{lambda(int)#1}>(int, at::native::_cuda_scatter_gather_internal_kernel<true, at::native::OpaqueType<4>, long>::operator()<at::native::TensorAssign>(at::TensorIterator&, long, long, long, at::native::TensorAssign const&)::{lambda(int)#1})",17,32.643,<0.001%
aten::sigmoid,"void at::native::vectorized_elementwise_kernel<8, at::native::sigmoid_kernel_cuda(at::TensorIteratorBase&)::{lambda()#2}::operator()() const::{lambda()#4}::operator()() const::{lambda(c10::BFloat16)#1}, std::array<char*, 2ul> >(int, at::native::sigmoid_kernel_cuda(at::TensorIteratorBase&)::{lambda()#2}::operator()() const::{lambda()#4}::operator()() const::{lambda(c10::BFloat16)#1}, std::array<char*, 2ul>)",14650,32747.058,0.297%
aten::sub,"void at::native::vectorized_elementwise_kernel<4, at::native::CUDAFunctor_add<int>, std::array<char*, 3ul> >(int, at::native::CUDAFunctor_add<int>, std::array<char*, 3ul>)",879,991.284,0.009%
aten::sub,"void at::native::unrolled_elementwise_kernel<at::native::CUDAFunctor_add<int>, std::array<char*, 3ul>, 4, TrivialOffsetCalculator<2, unsigned int>, TrivialOffsetCalculator<1, unsigned int>, at::native::memory::LoadWithoutCast, at::native::memory::StoreWithoutCast>(int, at::native::CUDAFunctor_add<int>, std::array<char*, 3ul>, TrivialOffsetCalculator<2, unsigned int>, TrivialOffsetCalculator<1, unsigned int>, at::native::memory::LoadWithoutCast, at::native::memory::StoreWithoutCast)",879,926.313,0.008%
aten::sub,"void at::native::unrolled_elementwise_kernel<at::native::CUDAFunctorOnSelf_add<int>, std::array<char*, 2ul>, 4, TrivialOffsetCalculator<1, unsigned int>, TrivialOffsetCalculator<1, unsigned int>, at::native::memory::LoadWithoutCast, at::native::memory::StoreWithoutCast>(int, at::native::CUDAFunctorOnSelf_add<int>, std::array<char*, 2ul>, TrivialOffsetCalculator<1, unsigned int>, TrivialOffsetCalculator<1, unsigned int>, at::native::memory::LoadWithoutCast, at::native::memory::StoreWithoutCast)",389,410.527,0.004%
aten::sub,"void at::native::vectorized_elementwise_kernel<2, at::native::CUDAFunctorOnSelf_add<int>, std::array<char*, 2ul> >(int, at::native::CUDAFunctorOnSelf_add<int>, std::array<char*, 2ul>)",3,3.456,<0.001%
aten::sum,"void at::native::reduce_kernel<128, 4, at::native::ReduceOp<c10::BFloat16, at::native::func_wrapper_t<c10::BFloat16, at::native::sum_functor<c10::BFloat16, float, c10::BFloat16>::operator()(at::TensorIterator&)::{lambda(float, float)#1}>, unsigned int, c10::BFloat16, 4, 8> >(at::native::ReduceOp<c10::BFloat16, at::native::func_wrapper_t<c10::BFloat16, at::native::sum_functor<c10::BFloat16, float, c10::BFloat16>::operator()(at::TensorIterator&)::{lambda(float, float)#1}>, unsigned int, c10::BFloat16, 4, 8>)",11720,210143.711,1.907%
record_param_comms,ncclDevKernel_AllGather_RING_LL(ncclDevKernelArgsStorage<4096ul>),293,40360.454,0.366%
symm_mem::two_shot_all_reduce_,"void (anonymous namespace)::two_shot_all_reduce_kernel_inplace<c10::BFloat16, 16, 2>(c10::BFloat16**, unsigned long, unsigned long, unsigned int**, unsigned long, unsigned long)",2673,324276.569,2.943%
triton_poi_fused_add_bitwise_and_bitwise_not_bitwise_or_ge_lt_mul_sub_0,triton_poi_fused_add_bitwise_and_bitwise_not_bitwise_or_ge_lt_mul_sub_0,288,338.792,0.003%
triton_poi_fused_add_bitwise_and_bitwise_or_ge_lt_mul_sub_0,triton_poi_fused_add_bitwise_and_bitwise_or_ge_lt_mul_sub_0,5,6.015,<0.001%
triton_poi_fused_bitwise_and_bitwise_not_bitwise_or_ge_lt_1,triton_poi_fused_bitwise_and_bitwise_not_bitwise_or_ge_lt_1,5,5.249,<0.001%
vllm::moe_forward_shared,fused_moe_kernel,23440,2002432.024,18.176%
vllm::qwen_gdn_attention_core,fused_recurrent_gated_delta_rule_packed_decode_kernel,7770,328321.742,2.980%
vllm::qwen_gdn_attention_core,"void cutlass::device_kernel<flat::kernel::FlatKernelTmaWarpSpecializedDeltaRule<flat::collective::FlatMainloopTmaWarpSpecializedDeltaRule<cutlass::bfloat16_t, float, float, cute::tuple<cute::C<64>, cute::C<64>, cute::C<128> >, cute::tuple<long, cute::C<1>, int>, cute::tuple<long, cute::C<1>, int>, cute::tuple<long, cute::C<1>, int>, cute::tuple<long, cute::C<1>, int>, std::tuple<flat::kernel::Option<(flat::kernel::Tag)1, cute::C<true> >, flat::kernel::Option<(flat::kernel::Tag)11, cute::C<true> >, flat::kernel::Option<(flat::kernel::Tag)10, cute::C<true> >, flat::kernel::Option<(flat::kernel::Tag)9, cute::C<true> >, flat::kernel::Option<(flat::kernel::Tag)12, cute::C<true> >, flat::kernel::Option<(flat::kernel::Tag)13, cute::C<false> > > >, flat::kernel::IndividualTileScheduler<flat::kernel::GVATag>, std::tuple<flat::kernel::Option<(flat::kernel::Tag)1, cute::C<true> >, flat::kernel::Option<(flat::kernel::Tag)11, cute::C<true> >, flat::kernel::Option<(flat::kernel::Tag)10, cute::C<true> >, flat::kernel::Option<(flat::kernel::Tag)9, cute::C<true> >, flat::kernel::Option<(flat::kernel::Tag)12, cute::C<true> >, flat::kernel::Option<(flat::kernel::Tag)13, cute::C<false> > > > >(flat::kernel::FlatKernelTmaWarpSpecializedDeltaRule<flat::collective::FlatMainloopTmaWarpSpecializedDeltaRule<cutlass::bfloat16_t, float, float, cute::tuple<cute::C<64>, cute::C<64>, cute::C<128> >, cute::tuple<long, cute::C<1>, int>, cute::tuple<long, cute::C<1>, int>, cute::tuple<long, cute::C<1>, int>, cute::tuple<long, cute::C<1>, int>, std::tuple<flat::kernel::Option<(flat::kernel::Tag)1, cute::C<true> >, flat::kernel::Option<(flat::kernel::Tag)11, cute::C<true> >, flat::kernel::Option<(flat::kernel::Tag)10, cute::C<true> >, flat::kernel::Option<(flat::kernel::Tag)9, cute::C<true> >, flat::kernel::Option<(flat::kernel::Tag)12, cute::C<true> >, flat::kernel::Option<(flat::kernel::Tag)13, cute::C<false> > > >, flat::kernel::IndividualTileScheduler<flat::kernel::GVATag>, std::tuple<flat::kernel::Option<(flat::kernel::Tag)1, cute::C<true> >, flat::kernel::Option<(flat::kernel::Tag)11, cute::C<true> >, flat::kernel::Option<(flat::kernel::Tag)10, cute::C<true> >, flat::kernel::Option<(flat::kernel::Tag)9, cute::C<true> >, flat::kernel::Option<(flat::kernel::Tag)12, cute::C<true> >, flat::kernel::Option<(flat::kernel::Tag)13, cute::C<false> > > >::Params)",1020,198748.75,1.804%
vllm::qwen_gdn_attention_core,_causal_conv1d_fwd_kernel,1020,63929.623,0.580%
vllm::qwen_gdn_attention_core,_fused_post_conv_kernel,1020,46105.553,0.419%
vllm::qwen_gdn_attention_core,fused_sigmoid_gating_delta_rule_update_kernel,990,27293.156,0.248%
vllm::qwen_gdn_attention_core,_causal_conv1d_update_kernel,7770,26117.489,0.237%
null,layer_norm_fwd_kernel,8790,51741.875,0.470%
null,_triton_mrope_forward,2930,6645.996,0.060%
null,_compute_slot_mapping_kernel,1172,3507.137,0.032%
null,_zero_kv_blocks_kernel,68,1073.523,0.010%
