kernel_name,total_call_count,total_time_us,profiling_time_ratio,profiling_time_pct
"void marlin_moe_wna16::Marlin<1125899906909960l, 562949953487106l, 1125899906909960l, 2814749767106568l, 128, 1, 8, 4, true, 4, 2, false>(int4 const*, int4 const*, int4*, int4*, int4 const*, float const*, int4 const*, float const*, int4 const*, int const*, int const*, int const*, int const*, float const*, int, bool, int, int, int, int, int*, bool, bool, bool)",87892,3962596.243,0.15403683599891008,15.403683599891007
"void (anonymous namespace)::multimem_all_reduce_kernel<c10::BFloat16, 16>(c10::BFloat16*, unsigned long, unsigned int**, unsigned long, unsigned long)",91176,3820546.947,0.14851499557664513,14.851499557664512
"void marlin_moe_wna16::Marlin<1125899906909960l, 562949953487106l, 1125899906909960l, 2814749767106568l, 128, 4, 8, 4, false, 4, 2, false>(int4 const*, int4 const*, int4*, int4*, int4 const*, float const*, int4 const*, float const*, int4 const*, int const*, int const*, int const*, int const*, float const*, int, bool, int, int, int, int, int*, bool, bool, bool)",2838,2478725.935,0.096354782804411,9.635478280441099
"void sm90::decode::sparse_fp8::flash_fwd_splitkv_mla_fp8_sparse_kernel<sm90::decode::sparse_fp8::KernelTemplate<(ModelType)1, 64>, sm90::decode::sparse_fp8::KernelTemplate<(ModelType)1, 64>::TmaParams<cute::tuple<int, int, int, int>, cute::TiledCopy<cute::Copy_Atom<cute::Copy_Traits<cute::SM90_TMA_LOAD, cute::C<65536>, cute::AuxTmaParams<cute::tuple<cute::ScaledBasis<cute::C<1>, 1>, cute::ScaledBasis<cute::C<1>, 0>, cute::ScaledBasis<cute::C<1>, 2>, cute::ScaledBasis<cute::C<1>, 3> >, cute::Layout<cute::tuple<cute::C<64>, cute::C<64>, cute::C<1>, cute::C<1> >, cute::tuple<cute::ScaledBasis<cute::C<1>, 1>, cute::ScaledBasis<cute::C<1>, 0>, cute::ScaledBasis<cute::C<1>, 2>, cute::ScaledBasis<cute::C<1>, 3> > > const&, cute::Swizzle<3, 4, 3> const&> >, cutlass::bfloat16_t>, cute::Layout<cute::tuple<cute::C<1>, cute::tuple<cute::tuple<cute::tuple<cute::C<64>, cute::C<64> >, cute::C<8> > > >, cute::tuple<cute::C<0>, cute::tuple<cute::tuple<cute::tuple<cute::C<64>, cute::C<1> >, cute::C<4096> > > > >, cute::tuple<cute::C<64>, cute::C<512> > > > >(SparseAttnDecodeParams, sm90::decode::sparse_fp8::KernelTemplate<(ModelType)1, 64>::TmaParams<cute::tuple<int, int, int, int>, cute::TiledCopy<cute::Copy_Atom<cute::Copy_Traits<cute::SM90_TMA_LOAD, cute::C<65536>, cute::AuxTmaParams<cute::tuple<cute::ScaledBasis<cute::C<1>, 1>, cute::ScaledBasis<cute::C<1>, 0>, cute::ScaledBasis<cute::C<1>, 2>, cute::ScaledBasis<cute::C<1>, 3> >, cute::Layout<cute::tuple<cute::C<64>, cute::C<64>, cute::C<1>, cute::C<1> >, cute::tuple<cute::ScaledBasis<cute::C<1>, 1>, cute::ScaledBasis<cute::C<1>, 0>, cute::ScaledBasis<cute::C<1>, 2>, cute::ScaledBasis<cute::C<1>, 3> > > const&, cute::Swizzle<3, 4, 3> const&> >, cutlass::bfloat16_t>, cute::Layout<cute::tuple<cute::C<1>, cute::tuple<cute::tuple<cute::tuple<cute::C<64>, cute::C<64> >, cute::C<8> > > >, cute::tuple<cute::C<0>, cute::tuple<cute::tuple<cute::tuple<cute::C<64>, cute::C<1> >, cute::C<4096> > > > >, cute::tuple<cute::C<64>, cute::C<512> > > >)",45365,1412348.929,0.05490182370558748,5.490182370558748
"void sm90::fwd::sparse_attn_fwd_kernel<sm90::fwd::KernelTemplate<512, true>, sm90::fwd::KernelTemplate<512, true>::TmaParams<cute::tuple<int, int, int>, cute::TiledCopy<cute::Copy_Atom<cute::Copy_Traits<cute::SM90_TMA_LOAD, cute::C<65536>, cute::AuxTmaParams<cute::tuple<cute::ScaledBasis<cute::C<1>, 1>, cute::ScaledBasis<cute::C<1>, 0>, cute::ScaledBasis<cute::C<1>, 2> >, cute::Layout<cute::tuple<cute::C<64>, cute::C<64>, cute::C<1> >, cute::tuple<cute::ScaledBasis<cute::C<1>, 1>, cute::ScaledBasis<cute::C<1>, 0>, cute::ScaledBasis<cute::C<1>, 2> > > const&, cute::Swizzle<3, 4, 3> const&> >, cutlass::bfloat16_t>, cute::Layout<cute::tuple<cute::C<1>, cute::tuple<cute::tuple<cute::tuple<cute::C<64>, cute::C<64> >, cute::C<8> > > >, cute::tuple<cute::C<0>, cute::tuple<cute::tuple<cute::tuple<cute::C<64>, cute::C<1> >, cute::C<4096> > > > >, cute::tuple<cute::C<64>, cute::C<512> > > > >(SparseAttnFwdParams, sm90::fwd::KernelTemplate<512, true>::TmaParams<cute::tuple<int, int, int>, cute::TiledCopy<cute::Copy_Atom<cute::Copy_Traits<cute::SM90_TMA_LOAD, cute::C<65536>, cute::AuxTmaParams<cute::tuple<cute::ScaledBasis<cute::C<1>, 1>, cute::ScaledBasis<cute::C<1>, 0>, cute::ScaledBasis<cute::C<1>, 2> >, cute::Layout<cute::tuple<cute::C<64>, cute::C<64>, cute::C<1> >, cute::tuple<cute::ScaledBasis<cute::C<1>, 1>, cute::ScaledBasis<cute::C<1>, 0>, cute::ScaledBasis<cute::C<1>, 2> > > const&, cute::Swizzle<3, 4, 3> const&> >, cutlass::bfloat16_t>, cute::Layout<cute::tuple<cute::C<1>, cute::tuple<cute::tuple<cute::tuple<cute::C<64>, cute::C<64> >, cute::C<8> > > >, cute::tuple<cute::C<0>, cute::tuple<cute::tuple<cute::tuple<cute::C<64>, cute::C<1> >, cute::C<4096> > > > >, cute::tuple<cute::C<64>, cute::C<512> > > >)",1419,1269393.804,0.04934477125954834,4.9344771259548335
"void per_token_group_quant_8bit_kernel<c10::BFloat16, c10::Float8_e4m3fn, true, true, float>(c10::BFloat16 const*, void*, float*, int, int, int, float, float, float, int, int)",247328,1169115.432,0.04544667965627476,4.544667965627476
mhc_post_tilelang_kernel,90136,949122.172,0.036894946491093546,3.6894946491093545
mhc_pre_big_fuse_with_norm_tilelang_kernel,90816,844669.444,0.03283458637719164,3.2834586377191637
nvjet_tss_64x32_64x16_4x2_h_bz_splitK_TNT,84588,555282.887,0.021585348027550813,2.1585348027550815
kernel_cutlass_kernel_vllmmodelsdeepseek_v4nvidiaopssparse_attn_compress_cutedslSparseAttnCompressNormRopeStoreC4Kernel_object_at__tensorptrf32gmemalign16o2048i64div16i64div161_tensorptri_0,22176,534418.877,0.020774307515329337,2.0774307515329338
"void deep_gemm::sm90_fp8_gemm_1d2d_impl<(cute::UMMA::Major)0, 0u, 4096u, 1024u, 1u, 64u, 32u, 128u, 128u, 128u, 64u, 16u, 128u, 128u, 1u, false, 132u, (deep_gemm::GemmType)0, deep_gemm::epilogue::transform::EpilogueIdentity>(float*, int*, unsigned int, unsigned int, unsigned int, CUtensorMap_st, CUtensorMap_st, CUtensorMap_st, CUtensorMap_st)",86602,480386.971,0.01867394115629564,1.867394115629564
"void deep_gemm::sm90_tf32_hc_prenorm_gemm_impl<24u, 16384u, 64u, 32u, 64u, 64u, 128u, 12u, 128u, 128u>(unsigned int, CUtensorMap_st, CUtensorMap_st, CUtensorMap_st, float*)",87298,350176.398,0.013612303924403399,1.36123039244034
"void deep_gemm::sm90_fp8_gemm_1d2d_impl<(cute::UMMA::Major)0, 0u, 1536u, 4096u, 1u, 64u, 16u, 128u, 128u, 128u, 32u, 16u, 128u, 128u, 1u, false, 132u, (deep_gemm::GemmType)0, deep_gemm::epilogue::transform::EpilogueIdentity>(float*, int*, unsigned int, unsigned int, unsigned int, CUtensorMap_st, CUtensorMap_st, CUtensorMap_st, CUtensorMap_st)",43301,327611.148,0.012735131611007955,1.2735131611007955
"void vllm::deepseek_v4_fused_ops::fusedDeepseekV4QNormRopeKVRopeQuantInsertKernelReducedGrid<c10::BFloat16, 64>(c10::BFloat16 const*, c10::BFloat16*, c10::BFloat16 const*, unsigned char*, long const*, long const*, float const*, float, int, int, int, int, int)",1419,325754.26,0.012662949350998593,1.2662949350998594
moe_sum_kernel,45408,325373.952,0.01264816575018926,1.264816575018926
"void smxx::decode::flash_fwd_mla_combine_kernel<cutlass::bfloat16_t, 512, 8, 160, 256>(CombineParams)",45365,302140.742,0.01174502802455794,1.174502802455794
"void cublasLt::splitKreduce_kernel<32, 16, int, float, float, float, float, false, float, float, float, true, false, false, false>(cublasLt::cublasSplitKParams<float>, float const*, float const*, float*, float*, float const*, float const*, float const*, float const*, float*, void*, long, float*, int*, float*, float*, float const*, float const*, float const*, float const*, float const*)",107415,300316.213,0.01167410364641956,1.167410364641956
memcpy32_post,220607,294171.247,0.011435232193989103,1.1435232193989102
"void deep_gemm::sm90_fp8_gemm_1d2d_impl<(cute::UMMA::Major)0, 0u, 1024u, 4096u, 1u, 64u, 16u, 128u, 128u, 128u, 32u, 16u, 128u, 128u, 1u, false, 132u, (deep_gemm::GemmType)4, deep_gemm::epilogue::transform::EpilogueIdentity>(float*, int*, unsigned int, unsigned int, unsigned int, CUtensorMap_st, CUtensorMap_st, CUtensorMap_st, CUtensorMap_st)",43301,281200.35,0.010931018337359816,1.0931018337359817
"void deep_gemm::sm90_tf32_hc_prenorm_gemm_impl<24u, 16384u, 64u, 32u, 64u, 1u, 128u, 12u, 128u, 128u>(unsigned int, CUtensorMap_st, CUtensorMap_st, CUtensorMap_st, float*)",2752,270519.053,0.010515807426798054,1.0515807426798054
"void deep_gemm::sm90_fp8_gemm_1d2d_impl<(cute::UMMA::Major)0, 0u, 512u, 4096u, 1u, 64u, 16u, 128u, 128u, 128u, 32u, 16u, 128u, 128u, 1u, false, 132u, (deep_gemm::GemmType)0, deep_gemm::epilogue::transform::EpilogueIdentity>(float*, int*, unsigned int, unsigned int, unsigned int, CUtensorMap_st, CUtensorMap_st, CUtensorMap_st, CUtensorMap_st)",43301,268762.966,0.010447543574356195,1.0447543574356195
"void vllm::moe::topkGatingSoftplusSqrt<8, 256, 4, 16, 32, false, int, float>(float const*, bool const*, float*, int, int*, int*, int, int, int, bool, double, float const*, int const*, int const*)",45408,267918.403,0.010414713125745247,1.0414713125745247
_fused_kv_compress_norm_rope_insert_indexer_attn,22176,242036.479,0.009408612721353312,0.9408612721353312
nvjet_tss_64x64_64x13_4x1_v_bz_splitK_TNT,21147,228228.299,0.008871851409407702,0.8871851409407703
_save_partial_states_kernel,65472,227431.544,0.008840879387092,0.8840879387092
"void vllm::deepseek_v4_fused_ops::fusedDeepseekV4QNormRopeKVRopeQuantInsertKernel<c10::BFloat16, 64>(c10::BFloat16 const*, c10::BFloat16*, c10::BFloat16 const*, unsigned char*, long const*, long const*, float const*, float, int, int, int, int, int)",43989,220128.782,0.008557001271949631,0.8557001271949631
kernel_cutlass_kernel_vllmmodelsdeepseek_v4nvidiaopssparse_attn_compress_cutedslSparseAttnCompressC128Block8Kernel_object_at__tensorptrf32gmemalign16o1024i64div16i64div161_tensorptri32gme_0,21120,215201.139,0.00836545045775981,0.8365450457759809
nvjet_tss_256x128_64x4_1x2_h_bz_coopA_TNT,1963,208852.453,0.008118659857804512,0.8118659857804512
"void deep_gemm::sm90_fp8_paged_mqa_logits<1u, 64u, 128u, 64u, true, false, 3u, 3u, 256u, 128u, 512u, float>(unsigned int, unsigned int, unsigned int, unsigned int const*, float*, unsigned int const*, unsigned int const*, unsigned int const*, CUtensorMap_st, CUtensorMap_st, CUtensorMap_st, CUtensorMap_st)",22155,204247.931,0.007939669631025716,0.7939669631025716
"void vllm::moe::moe_align_block_size_kernel<int>(int const*, int*, int*, int*, int*, int, int, int, int, unsigned long, int*, int, int, bool)",45408,197192.493,0.007665405668850331,0.7665405668850331
nvjet_tst_64x32_64x16_1x2_h_bz_splitK_TNT,21147,181133.139,0.007041135133411265,0.7041135133411265
"void deep_gemm::sm90_fp8_gemm_1d2d_impl<(cute::UMMA::Major)0, 0u, 4096u, 1024u, 1u, 256u, 128u, 128u, 128u, 128u, 128u, 3u, 128u, 256u, 2u, true, 132u, (deep_gemm::GemmType)0, deep_gemm::epilogue::transform::EpilogueIdentity>(float*, int*, unsigned int, unsigned int, unsigned int, CUtensorMap_st, CUtensorMap_st, CUtensorMap_st, CUtensorMap_st)",2838,170529.603,0.0066289470032867654,0.6628947003286766
add_func_kernel_rank_1,47520,167956.728,0.006528932391623819,0.6528932391623818
_fused_inv_rope_fp8_quant_per_head,45408,165394.219,0.006429320734424069,0.6429320734424069
kernel_cutlass_kernel_vllmmodelsdeepseek_v4nvidiaopsfused_indexer_q_cutedslIndexerQFp8Kernel_object_at__tensorptri64gmemo1_tensorptrbf16gmemalign32o64128i64div16i64div161_tensorptrf32gmem_0,22176,155272.577,0.006035865127750069,0.6035865127750069
"void deep_gemm::sm90_fp8_gemm_1d2d_impl<(cute::UMMA::Major)0, 0u, 4096u, 256u, 1u, 64u, 32u, 128u, 128u, 128u, 64u, 16u, 128u, 128u, 1u, false, 132u, (deep_gemm::GemmType)0, deep_gemm::epilogue::transform::EpilogueIdentity>(float*, int*, unsigned int, unsigned int, unsigned int, CUtensorMap_st, CUtensorMap_st, CUtensorMap_st, CUtensorMap_st)",43301,147121.235,0.005719000412339539,0.5719000412339539
"void deep_gemm::sm90_fp8_gemm_1d2d_impl<(cute::UMMA::Major)0, 0u, 8192u, 1024u, 1u, 64u, 64u, 128u, 128u, 128u, 128u, 13u, 128u, 128u, 1u, false, 132u, (deep_gemm::GemmType)0, deep_gemm::epilogue::transform::EpilogueIdentity>(float*, int*, unsigned int, unsigned int, unsigned int, CUtensorMap_st, CUtensorMap_st, CUtensorMap_st, CUtensorMap_st)",21147,144904.889,0.005632845047426466,0.5632845047426466
smxx::decode::get_mla_metadata_kernel(GetDecodeSchedMetaParams),4220,132101.631,0.005135147772241891,0.513514777224189
"void vllm::act_and_mul_kernel<c10::BFloat16, __nv_bfloat162, &(c10::BFloat16 vllm::silu_kernel<c10::BFloat16>(c10::BFloat16 const&, float)), &(__nv_bfloat162 vllm::packed_silu_kernel<__nv_bfloat162>(__nv_bfloat162 const&, float)), true, true, true, false>(c10::BFloat16*, c10::BFloat16 const*, int, float, float, float)",45408,125469.324,0.0048773320567351355,0.4877332056735135
_fused_q_kv_rmsnorm_kernel,45408,116815.796,0.004540946012938047,0.4540946012938047
"void vllm::filtered_topk::FilteredTopKUnifiedKernel<float, int, 4, 512u, false>(float const*, int*, int const*, unsigned int, unsigned int, unsigned int)",21462,112535.663,0.0043745656641606045,0.43745656641606046
triton_poi_fused_clamp_mul_sigmoid_slice_0,45408,104179.26,0.00404972967292742,0.40497296729274196
"void deep_gemm::sm90_fp8_gemm_1d2d_impl<(cute::UMMA::Major)0, 0u, 1536u, 4096u, 1u, 256u, 128u, 128u, 128u, 128u, 128u, 3u, 128u, 256u, 2u, true, 132u, (deep_gemm::GemmType)0, deep_gemm::epilogue::transform::EpilogueIdentity>(float*, int*, unsigned int, unsigned int, unsigned int, CUtensorMap_st, CUtensorMap_st, CUtensorMap_st, CUtensorMap_st)",1376,101463.054,0.003944143397540328,0.3944143397540328
"void deep_gemm::sm90_fp8_gemm_1d2d_impl<(cute::UMMA::Major)0, 0u, 8192u, 1024u, 1u, 256u, 128u, 128u, 128u, 128u, 128u, 3u, 128u, 256u, 2u, true, 132u, (deep_gemm::GemmType)0, deep_gemm::epilogue::transform::EpilogueIdentity>(float*, int*, unsigned int, unsigned int, unsigned int, CUtensorMap_st, CUtensorMap_st, CUtensorMap_st, CUtensorMap_st)",693,86267.149,0.00335343746062461,0.335343746062461
"void vllm::moe::count_and_sort_expert_tokens_kernel<int>(int const*, int*, int*, int*, unsigned long, int, int, int, bool)",45408,80514.312,0.003129809123252903,0.3129809123252903
mul_scalar_kernel,45408,76118.084,0.002958915847753016,0.2958915847753016
"void deep_gemm::sm90_fp8_gemm_1d2d_impl<(cute::UMMA::Major)0, 0u, 1024u, 4096u, 1u, 256u, 128u, 128u, 128u, 128u, 128u, 3u, 128u, 256u, 1u, false, 132u, (deep_gemm::GemmType)4, deep_gemm::epilogue::transform::EpilogueIdentity>(float*, int*, unsigned int, unsigned int, unsigned int, CUtensorMap_st, CUtensorMap_st, CUtensorMap_st, CUtensorMap_st)",1376,75943.848,0.002952142823071403,0.2952142823071403
ncclDevKernel_AllGather_RING_LL(ncclDevKernelArgsStorage<4096ul>),1056,68852.448,0.00267648092066782,0.267648092066782
kernel_cutlass_kernel_vllmmodelsdeepseek_v4nvidiaopssparse_attn_compress_cutedslSparseAttnNormRopeStoreKernel_object_at__tensorptrf32gmemo5125121_tensorptri64gmemalign64o1_tensorptri64gme_0,21120,68429.388,0.0026600354339612656,0.2660035433961266
fill_scalar_kernel,30989,61895.793,0.0024060569209406295,0.24060569209406296
_repeat_flaggems_jit_function,1056,61596.196,0.002394410775049211,0.2394410775049211
"void deep_gemm::sm90_fp8_mqa_logits<64u, 128u, false, 2u, 256u, 3u, 3u, 132u, 128u, 512u, float>(unsigned int, unsigned int, unsigned int, unsigned int, unsigned int*, unsigned int*, float*, CUtensorMap_st, CUtensorMap_st, CUtensorMap_st, CUtensorMap_st)",693,58886.491,0.0022890772111193096,0.22890772111193095
"void cublasLt::splitKreduce_kernel<32, 16, int, float, __nv_bfloat16, float, __nv_bfloat16, false, float, __nv_bfloat16, __nv_bfloat16, true, false, false, false>(cublasLt::cublasSplitKParams<float>, float const*, __nv_bfloat16 const*, float*, __nv_bfloat16*, float const*, float const*, __nv_bfloat16 const*, float const*, __nv_bfloat16*, void*, long, float*, int*, float*, float*, float const*, float const*, float const*, float const*, float const*)",21483,56078.378,0.0021799182620057026,0.21799182620057025
nvjet_tst_144x64_64x8_4x1_v_bz_TNN,992,53216.221,0.002068658476406564,0.2068658476406564
_compute_global_topk_indices_and_lens_kernel,22155,53154.034,0.0020662410994817296,0.20662410994817296
"void vllm::topKPerRowPrefill<512, false>(float const*, int const*, int const*, int*, int, int, int, int)",693,45131.143,0.0017543696219403998,0.17543696219403998
nvjet_tss_128x128_64x6_2x1_v_bz_TNT,1354,41808.245,0.0016251995872260893,0.16251995872260894
"void deep_gemm::sm90_fp8_gemm_1d2d_impl<(cute::UMMA::Major)0, 0u, 4096u, 256u, 1u, 256u, 128u, 128u, 128u, 128u, 128u, 3u, 128u, 256u, 2u, true, 132u, (deep_gemm::GemmType)0, deep_gemm::epilogue::transform::EpilogueIdentity>(float*, int*, unsigned int, unsigned int, unsigned int, CUtensorMap_st, CUtensorMap_st, CUtensorMap_st, CUtensorMap_st)",1419,40930.543,0.0015910809360340215,0.15910809360340214
zeros_kernel,45435,38021.812,0.0014780106930579835,0.14780106930579834
"void deep_gemm::sm90_fp8_gemm_1d2d_impl<(cute::UMMA::Major)0, 0u, 512u, 4096u, 1u, 256u, 128u, 128u, 128u, 128u, 128u, 3u, 128u, 256u, 1u, false, 132u, (deep_gemm::GemmType)0, deep_gemm::epilogue::transform::EpilogueIdentity>(float*, int*, unsigned int, unsigned int, unsigned int, CUtensorMap_st, CUtensorMap_st, CUtensorMap_st, CUtensorMap_st)",1333,37645.444,0.0014633802507075546,0.14633802507075547
argmax_kernel_inner,1056,35838.86,0.0013931534432658822,0.1393153443265882
"void at::native::unrolled_elementwise_kernel<at::native::direct_copy_kernel_cuda(at::TensorIteratorBase&)::{lambda()#3}::operator()() const::{lambda()#7}::operator()() const::{lambda(float)#1}, std::array<char*, 2ul>, 4, TrivialOffsetCalculator<1, unsigned int>, TrivialOffsetCalculator<1, unsigned int>, at::native::memory::LoadWithCast<1>, at::native::memory::StoreWithCast<1> >(int, at::native::direct_copy_kernel_cuda(at::TensorIteratorBase&)::{lambda()#3}::operator()() const::{lambda()#7}::operator()() const::{lambda(float)#1}, std::array<char*, 2ul>, TrivialOffsetCalculator<1, unsigned int>, TrivialOffsetCalculator<1, unsigned int>, at::native::memory::LoadWithCast<1>, at::native::memory::StoreWithCast<1>)",2112,31295.489,0.0012165403212892245,0.12165403212892245
_combine_topk_swa_indices_kernel,1419,24243.939,0.0009424274961920666,0.09424274961920666
"void at::native::elementwise_kernel<128, 4, at::native::gpu_kernel_impl_nocast<at::native::direct_copy_kernel_cuda(at::TensorIteratorBase&)::{lambda()#3}::operator()() const::{lambda()#12}::operator()() const::{lambda(c10::BFloat16)#1}>(at::TensorIteratorBase&, at::native::direct_copy_kernel_cuda(at::TensorIteratorBase&)::{lambda()#3}::operator()() const::{lambda()#12}::operator()() const::{lambda(c10::BFloat16)#1} const&)::{lambda(int)#1}>(int, at::native::gpu_kernel_impl_nocast<at::native::direct_copy_kernel_cuda(at::TensorIteratorBase&)::{lambda()#3}::operator()() const::{lambda()#12}::operator()() const::{lambda(c10::BFloat16)#1}>(at::TensorIteratorBase&, at::native::direct_copy_kernel_cuda(at::TensorIteratorBase&)::{lambda()#3}::operator()() const::{lambda()#12}::operator()() const::{lambda(c10::BFloat16)#1} const&)::{lambda(int)#1})",1055,21838.92,0.0008489379013508839,0.0848937901350884
nvjet_tst_64x64_64x13_1x2_h_bz_TNT,651,19591.097,0.0007615589402929082,0.07615589402929082
"void vllm::cross_device_reduce_1stage<__nv_bfloat16, 8>(vllm::RankData*, vllm::RankSignals, vllm::Signal*, __nv_bfloat16*, int, int)",696,16170.693,0.0006285985835750774,0.06285985835750775
_compute_slot_mapping_kernel,5280,16080.607,0.0006250966970449241,0.06250966970449241
hc_head_fuse_tilelang_kernel,1056,14088.207,0.0005476467189942008,0.05476467189942008
kernel_cutlass_kernel_vllmmodelsdeepseek_v4nvidiaopsdequant_gather_k_cutedslDequantGatherKCacheKernel_object_at__tensorptrbf16gmemalign32o512i64div16i64div161_tensorptri8gmemalign32o64576_0,2112,12315.686,0.0004787440325133506,0.04787440325133506
clamp_func_min_kernel_rank_1,5280,9203.928,0.0003577815807972481,0.035778158079724814
"void at::native::unrolled_elementwise_kernel<at::native::direct_copy_kernel_cuda(at::TensorIteratorBase&)::{lambda()#3}::operator()() const::{lambda()#3}::operator()() const::{lambda(int)#1}, std::array<char*, 2ul>, 4, TrivialOffsetCalculator<1, unsigned int>, TrivialOffsetCalculator<1, unsigned int>, at::native::memory::LoadWithCast<1>, at::native::memory::StoreWithCast<1> >(int, at::native::direct_copy_kernel_cuda(at::TensorIteratorBase&)::{lambda()#3}::operator()() const::{lambda()#3}::operator()() const::{lambda(int)#1}, std::array<char*, 2ul>, TrivialOffsetCalculator<1, unsigned int>, TrivialOffsetCalculator<1, unsigned int>, at::native::memory::LoadWithCast<1>, at::native::memory::StoreWithCast<1>)",6336,8166.936,0.00031747089637706365,0.031747089637706366
full_func_scalar_kernel_rank_1,1419,8121.779,0.00031571552162358216,0.03157155216235821
mul_broadcast_2d_kernel,2112,7852.136,0.00030523376874688513,0.030523376874688514
pow_func_tensor_scalar_kernel_rank_1,1056,6155.899,0.00023929644771756136,0.023929644771756135
nvjet_tss_64x32_64x16_4x1_v_bz_splitK_TNT,840,6094.211,0.00023689846827267428,0.02368984682726743
_compressed_slot_mapping_kernel,3168,5638.652,0.0002191896575163957,0.02191896575163957
"void at::native::unrolled_elementwise_kernel<at::native::direct_copy_kernel_cuda(at::TensorIteratorBase&)::{lambda()#3}::operator()() const::{lambda()#4}::operator()() const::{lambda(long)#1}, std::array<char*, 2ul>, 4, TrivialOffsetCalculator<1, unsigned int>, TrivialOffsetCalculator<1, unsigned int>, at::native::memory::LoadWithCast<1>, at::native::memory::StoreWithCast<1> >(int, at::native::direct_copy_kernel_cuda(at::TensorIteratorBase&)::{lambda()#3}::operator()() const::{lambda()#4}::operator()() const::{lambda(long)#1}, std::array<char*, 2ul>, TrivialOffsetCalculator<1, unsigned int>, TrivialOffsetCalculator<1, unsigned int>, at::native::memory::LoadWithCast<1>, at::native::memory::StoreWithCast<1>)",3168,5001.399,0.0001944179094423355,0.01944179094423355
_compute_swa_indices_and_lens_kernel,2176,4834.308,0.0001879226302401304,0.01879226302401304
"void deep_gemm::sm90_tf32_hc_prenorm_gemm_impl<24u, 16384u, 64u, 32u, 64u, 2u, 128u, 12u, 128u, 128u>(unsigned int, CUtensorMap_st, CUtensorMap_st, CUtensorMap_st, float*)",86,4778.66,0.0001857594419352887,0.01857594419352887
"void tensorrt_llm::kernels::fp8_blockscale_gemm::scale_1x128_kernel<__nv_bfloat16, __nv_fp8_e4m3, float>(__nv_fp8_e4m3*, float*, __nv_bfloat16 const*, int, int)",1888,4496.679,0.00017479807762053212,0.017479807762053212
floor_div_func_tensor_scalar_kernel_rank_1,3464,3911.601,0.00015205451294578756,0.015205451294578756
"void deep_gemm::fp8_gemm_kernel_swapAB<4096u, 1024u, 128u, 16u, 128u, 1u, 8u, 128u, 128u, 1u, deep_gemm::NormalSchedulerSwapAB<4096u, 128u, 16u, 1u, 1u, 32u, 16u>, deep_gemm::NormalSchedulerInputSwapAB>(__nv_bfloat16*, float*, deep_gemm::NormalSchedulerInputSwapAB, CUtensorMap_st, CUtensorMap_st, CUtensorMap_st, CUtensorMap_st)",688,3795.007,0.00014752218874339545,0.014752218874339546
"void deep_gemm::sm90_fp8_gemm_1d2d_impl<(cute::UMMA::Major)0, 0u, 4096u, 1024u, 1u, 32u, 32u, 128u, 128u, 128u, 64u, 16u, 128u, 128u, 1u, false, 132u, (deep_gemm::GemmType)0, deep_gemm::epilogue::transform::EpilogueIdentity>(float*, int*, unsigned int, unsigned int, unsigned int, CUtensorMap_st, CUtensorMap_st, CUtensorMap_st, CUtensorMap_st)",688,3699.542,0.00014381120593140375,0.014381120593140374
"void deep_gemm::sched::smxx_paged_mqa_logits_metadata<64u, 256u, 132u, false>(unsigned int, unsigned int, bool, unsigned int const*, unsigned int const*, unsigned int*)",1022,3609.758,0.0001403210589582527,0.01403210589582527
"void at::native::vectorized_elementwise_kernel<8, at::native::bfloat16_copy_kernel_cuda(at::TensorIteratorBase&)::{lambda(float)#1}, std::array<char*, 2ul> >(int, at::native::bfloat16_copy_kernel_cuda(at::TensorIteratorBase&)::{lambda(float)#1}, std::array<char*, 2ul>)",1056,3603.127,0.00014006329404937177,0.014006329404937177
nvjet_tss_256x160_64x4_1x2_h_bz_coopA_TNT,41,3538.415,0.0001375477635436408,0.01375477635436408
masked_fill_kernel_kernel_rank_2,1056,3295.507,0.00012810527244328692,0.012810527244328691
mean_dim_kernel_inner,1056,3214.153,0.00012494282237586143,0.012494282237586142
mhc_fused_tilelang_kernel,680,3094.334,0.00012028513369885901,0.0120285133698859
nvjet_tss_64x16_64x16_4x1_v_bz_splitK_TNT,420,2890.965,0.00011237963049358019,0.011237963049358018
nvjet_tss_64x8_64x16_4x1_v_bz_splitK_TNT,420,2827.429,0.0001099098142892885,0.01099098142892885
_build_c128a_topk_metadata_kernel,1056,2559.396,9.949064646813336e-05,0.009949064646813336
"void deep_gemm::fp8_gemm_kernel_swapAB<1536u, 4096u, 128u, 16u, 128u, 1u, 8u, 128u, 128u, 1u, deep_gemm::NormalSchedulerSwapAB<1536u, 128u, 16u, 1u, 1u, 12u, 16u>, deep_gemm::NormalSchedulerInputSwapAB>(__nv_bfloat16*, float*, deep_gemm::NormalSchedulerInputSwapAB, CUtensorMap_st, CUtensorMap_st, CUtensorMap_st, CUtensorMap_st)",344,2543.16,9.885950922479289e-05,0.009885950922479288
void vllm::cooperative::cooperative_topk_cs4<512u>(vllm::cooperative::CooperativeTopKParams<512u>),504,2530.855,9.838118058600843e-05,0.009838118058600843
"void deep_gemm::sm90_fp8_gemm_1d2d_impl<(cute::UMMA::Major)0, 0u, 1536u, 4096u, 1u, 32u, 16u, 128u, 128u, 128u, 32u, 16u, 128u, 128u, 1u, false, 132u, (deep_gemm::GemmType)0, deep_gemm::epilogue::transform::EpilogueIdentity>(float*, int*, unsigned int, unsigned int, unsigned int, CUtensorMap_st, CUtensorMap_st, CUtensorMap_st, CUtensorMap_st)",344,2484.728,9.658809930838059e-05,0.009658809930838059
embedding_kernel,1056,2454.821,9.542553331080833e-05,0.009542553331080833
"void deep_gemm::fp8_gemm_kernel_swapAB<512u, 4096u, 128u, 16u, 128u, 1u, 8u, 128u, 128u, 1u, deep_gemm::NormalSchedulerSwapAB<512u, 128u, 16u, 1u, 1u, 4u, 16u>, deep_gemm::NormalSchedulerInputSwapAB>(__nv_bfloat16*, float*, deep_gemm::NormalSchedulerInputSwapAB, CUtensorMap_st, CUtensorMap_st, CUtensorMap_st, CUtensorMap_st)",344,2433.306,9.458918705616002e-05,0.009458918705616002
"void vllm::cp_gather_indexer_k_quant_cache_kernel<32>(char const*, char*, char*, int const*, int const*, int, long, long, long, long, long, int, int, int)",693,2424.458,9.424524135961674e-05,0.009424524135961674
"void deep_gemm::sm90_fp8_gemm_1d2d_impl<(cute::UMMA::Major)0, 0u, 1024u, 4096u, 1u, 32u, 16u, 128u, 128u, 128u, 32u, 16u, 128u, 128u, 1u, false, 132u, (deep_gemm::GemmType)4, deep_gemm::epilogue::transform::EpilogueIdentity>(float*, int*, unsigned int, unsigned int, unsigned int, CUtensorMap_st, CUtensorMap_st, CUtensorMap_st, CUtensorMap_st)",344,2220.434,8.63142765323628e-05,0.00863142765323628
ge_func_scalar_kernel_rank_1,2112,2179.665,8.472947520976194e-05,0.008472947520976194
"void deep_gemm::sm90_fp8_gemm_1d2d_impl<(cute::UMMA::Major)0, 0u, 1024u, 4096u, 1u, 16u, 16u, 128u, 128u, 128u, 32u, 16u, 128u, 128u, 1u, false, 132u, (deep_gemm::GemmType)4, deep_gemm::epilogue::transform::EpilogueIdentity>(float*, int*, unsigned int, unsigned int, unsigned int, CUtensorMap_st, CUtensorMap_st, CUtensorMap_st, CUtensorMap_st)",344,2174.539,8.453021372236583e-05,0.008453021372236583
kernel_cutlass_kernel_vllmmodelsdeepseek_v4nvidiaopsdequant_gather_k_cutedslDequantGatherKCacheKernel_object_at__tensorptrbf16gmemalign32o512i64div16i64div161_tensorptri8gmemalign32o2576i_0,660,2156.35,8.382315808556368e-05,0.008382315808556369
"void deep_gemm::sm90_fp8_gemm_1d2d_impl<(cute::UMMA::Major)0, 0u, 512u, 4096u, 1u, 32u, 16u, 128u, 128u, 128u, 32u, 16u, 128u, 128u, 1u, false, 132u, (deep_gemm::GemmType)0, deep_gemm::epilogue::transform::EpilogueIdentity>(float*, int*, unsigned int, unsigned int, unsigned int, CUtensorMap_st, CUtensorMap_st, CUtensorMap_st, CUtensorMap_st)",344,2155.118,8.377526691262728e-05,0.008377526691262729
"void deep_gemm::sm90_fp8_gemm_1d2d_impl<(cute::UMMA::Major)0, 0u, 1024u, 4096u, 1u, 128u, 192u, 128u, 128u, 128u, 128u, 4u, 128u, 256u, 1u, false, 132u, (deep_gemm::GemmType)4, deep_gemm::epilogue::transform::EpilogueIdentity>(float*, int*, unsigned int, unsigned int, unsigned int, CUtensorMap_st, CUtensorMap_st, CUtensorMap_st, CUtensorMap_st)",43,1914.256,7.44123093673285e-05,0.00744123093673285
memcpy128,1015,1900.522,7.387843163266245e-05,0.007387843163266245
"void at::native::index_elementwise_kernel<128, 4, at::native::gpu_index_kernel<at::native::index_kernel_impl<at::native::OpaqueType<4> >(at::TensorIteratorBase&, c10::ArrayRef<long>, c10::ArrayRef<long>)::{lambda(char*, char const*, long)#1}>(at::TensorIteratorBase&, c10::ArrayRef<long>, c10::ArrayRef<long>, at::native::index_kernel_impl<at::native::OpaqueType<4> >(at::TensorIteratorBase&, c10::ArrayRef<long>, c10::ArrayRef<long>)::{lambda(char*, char const*, long)#1} const&, bool)::{lambda(int)#1}>(long, at::native::gpu_index_kernel<at::native::index_kernel_impl<at::native::OpaqueType<4> >(at::TensorIteratorBase&, c10::ArrayRef<long>, c10::ArrayRef<long>)::{lambda(char*, char const*, long)#1}>(at::TensorIteratorBase&, c10::ArrayRef<long>, c10::ArrayRef<long>, at::native::index_kernel_impl<at::native::OpaqueType<4> >(at::TensorIteratorBase&, c10::ArrayRef<long>, c10::ArrayRef<long>)::{lambda(char*, char const*, long)#1} const&, bool)::{lambda(int)#1})",1056,1891.351,7.35219300523055e-05,0.00735219300523055
"void at::native::vectorized_gather_kernel<16, long>(char*, char*, long*, int, long, long, long, long, bool)",1055,1820.829,7.078054912874944e-05,0.007078054912874944
"void deep_gemm::sm90_fp8_gemm_1d2d_impl<(cute::UMMA::Major)0, 0u, 1536u, 4096u, 1u, 128u, 192u, 128u, 128u, 128u, 128u, 4u, 128u, 256u, 2u, false, 132u, (deep_gemm::GemmType)0, deep_gemm::epilogue::transform::EpilogueIdentity>(float*, int*, unsigned int, unsigned int, unsigned int, CUtensorMap_st, CUtensorMap_st, CUtensorMap_st, CUtensorMap_st)",43,1652.194,6.422525046955263e-05,0.006422525046955263
nvjet_tst_32x64_64x16_2x1_v_bz_splitK_TNN,168,1577.249,6.131193557043023e-05,0.006131193557043023
triton_poi_fused___and_____or___add_bitwise_not_ge_lt_mul_sub_0,1056,1390.775,5.406318672128821e-05,0.005406318672128822
"void marlin_moe_wna16::Marlin<1125899906909960l, 562949953487106l, 1125899906909960l, 2814749767106568l, 128, 1, 4, 8, true, 4, 2, false>(int4 const*, int4 const*, int4*, int4*, int4 const*, float const*, int4 const*, float const*, int4 const*, int const*, int const*, int const*, int const*, float const*, int, bool, int, int, int, int, int*, bool, bool, bool)",86,1286.399,5.0005809232318985e-05,0.005000580923231898
"void deep_gemm::sm90_fp8_gemm_1d2d_impl<(cute::UMMA::Major)0, 0u, 4096u, 256u, 1u, 32u, 32u, 128u, 128u, 128u, 64u, 16u, 128u, 128u, 1u, false, 132u, (deep_gemm::GemmType)0, deep_gemm::epilogue::transform::EpilogueIdentity>(float*, int*, unsigned int, unsigned int, unsigned int, CUtensorMap_st, CUtensorMap_st, CUtensorMap_st, CUtensorMap_st)",344,1183.711,4.601404886990548e-05,0.004601404886990548
"void deep_gemm::fp8_gemm_kernel_swapAB<4096u, 256u, 128u, 16u, 128u, 1u, 8u, 128u, 128u, 1u, deep_gemm::NormalSchedulerSwapAB<4096u, 128u, 16u, 1u, 1u, 32u, 16u>, deep_gemm::NormalSchedulerInputSwapAB>(__nv_bfloat16*, float*, deep_gemm::NormalSchedulerInputSwapAB, CUtensorMap_st, CUtensorMap_st, CUtensorMap_st, CUtensorMap_st)",344,1174.962,4.567395157118746e-05,0.004567395157118746
"void deep_gemm::sm90_fp8_gemm_1d2d_impl<(cute::UMMA::Major)0, 0u, 8192u, 1024u, 1u, 32u, 64u, 128u, 128u, 128u, 128u, 16u, 128u, 128u, 1u, false, 132u, (deep_gemm::GemmType)0, deep_gemm::epilogue::transform::EpilogueIdentity>(float*, int*, unsigned int, unsigned int, unsigned int, CUtensorMap_st, CUtensorMap_st, CUtensorMap_st, CUtensorMap_st)",168,1154.94,4.4895642265560285e-05,0.004489564226556029
"void deep_gemm::fp8_gemm_kernel_swapAB<8192u, 1024u, 128u, 16u, 128u, 1u, 8u, 128u, 128u, 1u, deep_gemm::NormalSchedulerSwapAB<8192u, 128u, 16u, 1u, 1u, 64u, 16u>, deep_gemm::NormalSchedulerInputSwapAB>(__nv_bfloat16*, float*, deep_gemm::NormalSchedulerInputSwapAB, CUtensorMap_st, CUtensorMap_st, CUtensorMap_st, CUtensorMap_st)",168,1123.351,4.3667692377664134e-05,0.004366769237766414
"void at::native::unrolled_elementwise_kernel<at::native::CUDAFunctor_add<int>, std::array<char*, 3ul>, 4, TrivialOffsetCalculator<2, unsigned int>, TrivialOffsetCalculator<1, unsigned int>, at::native::memory::LoadWithoutCast, at::native::memory::StoreWithoutCast>(int, at::native::CUDAFunctor_add<int>, std::array<char*, 3ul>, TrivialOffsetCalculator<2, unsigned int>, TrivialOffsetCalculator<1, unsigned int>, at::native::memory::LoadWithoutCast, at::native::memory::StoreWithoutCast)",1055,1123.215,4.3662405689742586e-05,0.004366240568974259
sub_func_tensor_scalar_kernel_rank_1,1056,1074.056,4.17514623696284e-05,0.004175146236962839
rsqrt_func_kernel_rank_1,1056,1048.788,4.076922685196845e-05,0.004076922685196846
add_func_tensor_scalar_kernel_rank_1,1056,1026.796,3.99143383168894e-05,0.00399143383168894
void vllm::cooperative::cooperative_topk_cs8<512u>(vllm::cooperative::CooperativeTopKParams<512u>),189,1021.085,3.969233629688956e-05,0.003969233629688956
"void deep_gemm::sm90_fp8_gemm_1d2d_impl<(cute::UMMA::Major)0, 0u, 512u, 4096u, 1u, 128u, 192u, 128u, 128u, 128u, 128u, 4u, 128u, 256u, 1u, false, 132u, (deep_gemm::GemmType)0, deep_gemm::epilogue::transform::EpilogueIdentity>(float*, int*, unsigned int, unsigned int, unsigned int, CUtensorMap_st, CUtensorMap_st, CUtensorMap_st, CUtensorMap_st)",43,970.551,3.7727943006980276e-05,0.0037727943006980276
nvjet_tss_128x80_64x8_1x2_h_bz_TNT,43,949.877,3.6924288697493904e-05,0.0036924288697493903
nvjet_tss_128x64_64x8_1x2_h_bz_TNT,43,835.537,3.247958357286045e-05,0.003247958357286045
nvjet_tst_64x16_64x16_1x1_h_bz_splitK_TNT,84,772.399,3.0025238705280363e-05,0.0030025238705280364
nvjet_tst_64x8_64x16_1x1_h_bz_splitK_TNT,84,757.749,2.9455753572554457e-05,0.0029455753572554455
nvjet_tss_128x160_64x5_2x1_v_bz_TNT,21,690.351,2.6835810980372842e-05,0.002683581098037284
"void deep_gemm::sm90_fp8_gemm_1d2d_impl<(cute::UMMA::Major)0, 0u, 512u, 4096u, 1u, 128u, 128u, 128u, 128u, 128u, 128u, 5u, 128u, 256u, 1u, false, 132u, (deep_gemm::GemmType)0, deep_gemm::epilogue::transform::EpilogueIdentity>(float*, int*, unsigned int, unsigned int, unsigned int, CUtensorMap_st, CUtensorMap_st, CUtensorMap_st, CUtensorMap_st)",43,659.409,2.5633011732809362e-05,0.002563301173280936
"void at::native::elementwise_kernel<128, 2, at::native::gpu_kernel_impl_nocast<at::native::direct_copy_kernel_cuda(at::TensorIteratorBase&)::{lambda()#3}::operator()() const::{lambda()#7}::operator()() const::{lambda(float)#1}>(at::TensorIteratorBase&, at::native::direct_copy_kernel_cuda(at::TensorIteratorBase&)::{lambda()#3}::operator()() const::{lambda()#7}::operator()() const::{lambda(float)#1} const&)::{lambda(int)#1}>(int, at::native::gpu_kernel_impl_nocast<at::native::direct_copy_kernel_cuda(at::TensorIteratorBase&)::{lambda()#3}::operator()() const::{lambda()#7}::operator()() const::{lambda(float)#1}>(at::TensorIteratorBase&, at::native::direct_copy_kernel_cuda(at::TensorIteratorBase&)::{lambda()#3}::operator()() const::{lambda()#7}::operator()() const::{lambda(float)#1} const&)::{lambda(int)#1})",236,586.083,2.278263174357661e-05,0.002278263174357661
nvjet_tst_128x40_64x10_2x1_v_bz_TNT,8,440.264,1.7114252728630608e-05,0.0017114252728630608
nvjet_tst_128x56_64x9_2x1_v_bz_TNT,8,439.784,1.7095593830083957e-05,0.0017095593830083957
nvjet_tst_128x64_64x8_2x1_v_bz_TNT,8,439.626,1.7089451942645686e-05,0.0017089451942645687
nvjet_tst_64x64_64x13_1x4_h_bz_TNT,21,435.721,1.6937654028427618e-05,0.0016937654028427618
nvjet_tst_128x48_64x9_2x1_v_bz_TNT,8,433.357,1.6845758953085364e-05,0.0016845758953085365
nvjet_tst_128x24_64x11_2x1_v_bz_TNT,8,431.466,1.677225066735262e-05,0.001677225066735262
nvjet_tst_128x32_64x10_2x1_v_bz_TNT,8,430.825,1.674733326325178e-05,0.0016747333263251781
nvjet_tst_128x16_64x11_2x1_v_bz_TNT,8,422.346,1.6417731594966254e-05,0.0016417731594966253
nvjet_tst_128x8_64x12_2x1_v_bz_TNT,8,415.37,1.614655560275493e-05,0.0016146555602754929
nvjet_tst_32x64_64x16_2x1_v_bz_TNN,21,364.615,1.4173571444973128e-05,0.0014173571444973127
"void deep_gemm::sched::smxx_paged_mqa_logits_metadata<32u, 256u, 132u, false>(unsigned int, unsigned int, bool, unsigned int const*, unsigned int const*, unsigned int*)",33,94.947,3.6908467506434556e-06,0.00036908467506434556
_build_prefill_chunk_metadata_kernel,33,70.717,2.7489611010906428e-06,0.0002748961101090643
_compute_prefill_metadata_kernel,66,68.096,2.647075740484868e-06,0.0002647075740484868
reduce_then_scan_root_scan_kernel_row,33,36.896,1.4342473349525624e-06,0.00014342473349525625
sub_func_kernel_rank_1,33,34.497,1.3409917149246137e-06,0.00013409917149246136
"void at::native::index_elementwise_kernel<128, 4, at::native::gpu_index_kernel<at::native::index_kernel_impl<at::native::OpaqueType<2> >(at::TensorIteratorBase&, c10::ArrayRef<long>, c10::ArrayRef<long>)::{lambda(char*, char const*, long)#1}>(at::TensorIteratorBase&, c10::ArrayRef<long>, c10::ArrayRef<long>, at::native::index_kernel_impl<at::native::OpaqueType<2> >(at::TensorIteratorBase&, c10::ArrayRef<long>, c10::ArrayRef<long>)::{lambda(char*, char const*, long)#1} const&, bool)::{lambda(int)#1}>(long, at::native::gpu_index_kernel<at::native::index_kernel_impl<at::native::OpaqueType<2> >(at::TensorIteratorBase&, c10::ArrayRef<long>, c10::ArrayRef<long>)::{lambda(char*, char const*, long)#1}>(at::TensorIteratorBase&, c10::ArrayRef<long>, c10::ArrayRef<long>, at::native::index_kernel_impl<at::native::OpaqueType<2> >(at::TensorIteratorBase&, c10::ArrayRef<long>, c10::ArrayRef<long>)::{lambda(char*, char const*, long)#1} const&, bool)::{lambda(int)#1})",1,3.296,1.2812443668700255e-07,1.2812443668700254e-05
