category,gpu_event,attribution_status,operator,input_shapes,input_dtypes,event_count,duration_total_us
kernel,"void marlin_moe_wna16::Marlin<1125899906909960l, 562949953487106l, 1125899906909960l, 2814749767106568l, 128, 1, 8, 4, true, 4, 2, false>(int4 const*, int4 const*, int4*, int4*, int4 const*, float const*, int4 const*, float const*, int4 const*, int const*, int const*, int const*, int const*, float const*, int, bool, int, int, int, int, int*, bool, bool, bool)",missing_external_id,,[],[],87935,3983268.651
kernel,"void sm90::decode::sparse_fp8::flash_fwd_splitkv_mla_fp8_sparse_kernel<sm90::decode::sparse_fp8::KernelTemplate<(ModelType)1, 64>, sm90::decode::sparse_fp8::KernelTemplate<(ModelType)1, 64>::TmaParams<cute::tuple<int, int, int, int>, cute::TiledCopy<cute::Copy_Atom<cute::Copy_Traits<cute::SM90_TMA_LOAD, cute::C<65536>, cute::AuxTmaParams<cute::tuple<cute::ScaledBasis<cute::C<1>, 1>, cute::ScaledBasis<cute::C<1>, 0>, cute::ScaledBasis<cute::C<1>, 2>, cute::ScaledBasis<cute::C<1>, 3> >, cute::Layout<cute::tuple<cute::C<64>, cute::C<64>, cute::C<1>, cute::C<1> >, cute::tuple<cute::ScaledBasis<cute::C<1>, 1>, cute::ScaledBasis<cute::C<1>, 0>, cute::ScaledBasis<cute::C<1>, 2>, cute::ScaledBasis<cute::C<1>, 3> > > const&, cute::Swizzle<3, 4, 3> const&> >, cutlass::bfloat16_t>, cute::Layout<cute::tuple<cute::C<1>, cute::tuple<cute::tuple<cute::tuple<cute::C<64>, cute::C<64> >, cute::C<8> > > >, cute::tuple<cute::C<0>, cute::tuple<cute::tuple<cute::tuple<cute::C<64>, cute::C<1> >, cute::C<4096> > > > >, cute::tuple<cute::C<64>, cute::C<512> > > > >(SparseAttnDecodeParams, sm90::decode::sparse_fp8::KernelTemplate<(ModelType)1, 64>::TmaParams<cute::tuple<int, int, int, int>, cute::TiledCopy<cute::Copy_Atom<cute::Copy_Traits<cute::SM90_TMA_LOAD, cute::C<65536>, cute::AuxTmaParams<cute::tuple<cute::ScaledBasis<cute::C<1>, 1>, cute::ScaledBasis<cute::C<1>, 0>, cute::ScaledBasis<cute::C<1>, 2>, cute::ScaledBasis<cute::C<1>, 3> >, cute::Layout<cute::tuple<cute::C<64>, cute::C<64>, cute::C<1>, cute::C<1> >, cute::tuple<cute::ScaledBasis<cute::C<1>, 1>, cute::ScaledBasis<cute::C<1>, 0>, cute::ScaledBasis<cute::C<1>, 2>, cute::ScaledBasis<cute::C<1>, 3> > > const&, cute::Swizzle<3, 4, 3> const&> >, cutlass::bfloat16_t>, cute::Layout<cute::tuple<cute::C<1>, cute::tuple<cute::tuple<cute::tuple<cute::C<64>, cute::C<64> >, cute::C<8> > > >, cute::tuple<cute::C<0>, cute::tuple<cute::tuple<cute::tuple<cute::C<64>, cute::C<1> >, cute::C<4096> > > > >, cute::tuple<cute::C<64>, cute::C<512> > > >)",missing_external_id,,[],[],44032,1385242.573
kernel,"void (anonymous namespace)::multimem_all_reduce_kernel<c10::BFloat16, 16>(c10::BFloat16*, unsigned long, unsigned int**, unsigned long, unsigned long)",missing_external_id,,[],[],88305,996622.256
kernel,mhc_post_tilelang_kernel,missing_external_id,,[],[],90137,950472.784
kernel,"void per_token_group_quant_8bit_kernel<c10::BFloat16, c10::Float8_e4m3fn, true, true, float>(c10::BFloat16 const*, void*, float*, int, int, int, float, float, float, int, int)",missing_external_id,,[],[],239540,861941.028
kernel,mhc_pre_big_fuse_with_norm_tilelang_kernel,missing_external_id,,[],[],90902,845576.563
kernel,nvjet_tss_64x32_64x16_4x2_h_bz_splitK_TNT,missing_external_id,,[],[],84588,550422.431
kernel,kernel_cutlass_kernel_vllmmodelsdeepseek_v4nvidiaopssparse_attn_compress_cutedslSparseAttnCompressNormRopeStoreC4Kernel_object_at__tensorptrf32gmemalign16o2048i64div16i64div161_tensorptri_0,missing_external_id,,[],[],22197,542276.146
kernel,"void deep_gemm::sm90_fp8_gemm_1d2d_impl<(cute::UMMA::Major)0, 0u, 4096u, 1024u, 1u, 64u, 32u, 128u, 128u, 128u, 64u, 16u, 128u, 128u, 1u, false, 132u, (deep_gemm::GemmType)0, deep_gemm::epilogue::transform::EpilogueIdentity>(float*, int*, unsigned int, unsigned int, unsigned int, CUtensorMap_st, CUtensorMap_st, CUtensorMap_st, CUtensorMap_st)",missing_external_id,,[],[],86602,482306.943
kernel,"void deep_gemm::sm90_tf32_hc_prenorm_gemm_impl<24u, 16384u, 64u, 32u, 64u, 64u, 128u, 12u, 128u, 128u>(unsigned int, CUtensorMap_st, CUtensorMap_st, CUtensorMap_st, float*)",missing_external_id,,[],[],87299,351677.809
kernel,"void deep_gemm::sm90_fp8_gemm_1d2d_impl<(cute::UMMA::Major)0, 0u, 1536u, 4096u, 1u, 64u, 16u, 128u, 128u, 128u, 32u, 16u, 128u, 128u, 1u, false, 132u, (deep_gemm::GemmType)0, deep_gemm::epilogue::transform::EpilogueIdentity>(float*, int*, unsigned int, unsigned int, unsigned int, CUtensorMap_st, CUtensorMap_st, CUtensorMap_st, CUtensorMap_st)",missing_external_id,,[],[],43301,330077.193
kernel,"void cublasLt::splitKreduce_kernel<32, 16, int, float, float, float, float, false, float, float, float, true, false, false, false>(cublasLt::cublasSplitKParams<float>, float const*, float const*, float*, float*, float const*, float const*, float const*, float const*, float*, void*, long, float*, int*, float*, float*, float const*, float const*, float const*, float const*, float const*)",missing_external_id,,[],[],107520,296199.178
kernel,"void smxx::decode::flash_fwd_mla_combine_kernel<cutlass::bfloat16_t, 512, 8, 160, 256>(CombineParams)",missing_external_id,,[],[],44032,289087.013
kernel,"void deep_gemm::sm90_fp8_gemm_1d2d_impl<(cute::UMMA::Major)0, 0u, 1024u, 4096u, 1u, 64u, 16u, 128u, 128u, 128u, 32u, 16u, 128u, 128u, 1u, false, 132u, (deep_gemm::GemmType)4, deep_gemm::epilogue::transform::EpilogueIdentity>(float*, int*, unsigned int, unsigned int, unsigned int, CUtensorMap_st, CUtensorMap_st, CUtensorMap_st, CUtensorMap_st)",missing_external_id,,[],[],43301,282815.201
kernel,"void deep_gemm::sm90_tf32_hc_prenorm_gemm_impl<24u, 16384u, 64u, 32u, 64u, 1u, 128u, 12u, 128u, 128u>(unsigned int, CUtensorMap_st, CUtensorMap_st, CUtensorMap_st, float*)",missing_external_id,,[],[],2752,270731.080
kernel,"void deep_gemm::sm90_fp8_gemm_1d2d_impl<(cute::UMMA::Major)0, 0u, 512u, 4096u, 1u, 64u, 16u, 128u, 128u, 128u, 32u, 16u, 128u, 128u, 1u, false, 132u, (deep_gemm::GemmType)0, deep_gemm::epilogue::transform::EpilogueIdentity>(float*, int*, unsigned int, unsigned int, unsigned int, CUtensorMap_st, CUtensorMap_st, CUtensorMap_st, CUtensorMap_st)",missing_external_id,,[],[],43301,269184.431
kernel,"void vllm::moe::topkGatingSoftplusSqrt<8, 256, 4, 16, 32, false, int, float>(float const*, bool const*, float*, int, int*, int*, int, int, int, bool, double, float const*, int const*, int const*)",missing_external_id,,[],[],44032,244026.658
kernel,_fused_kv_compress_norm_rope_insert_indexer_attn,missing_external_id,,[],[],22197,241498.230
kernel,nvjet_tss_64x64_64x13_4x1_v_bz_splitK_TNT,missing_external_id,,[],[],21147,228645.172
kernel,_save_partial_states_kernel,missing_external_id,,[],[],65534,227056.893
kernel,"void vllm::deepseek_v4_fused_ops::fusedDeepseekV4QNormRopeKVRopeQuantInsertKernel<c10::BFloat16, 64>(c10::BFloat16 const*, c10::BFloat16*, c10::BFloat16 const*, unsigned char*, long const*, long const*, float const*, float, int, int, int, int, int)",missing_external_id,,[],[],44032,220578.717
kernel,kernel_cutlass_kernel_vllmmodelsdeepseek_v4nvidiaopssparse_attn_compress_cutedslSparseAttnCompressC128Block8Kernel_object_at__tensorptrf32gmemalign16o1024i64div16i64div161_tensorptri32gme_0,missing_external_id,,[],[],21140,217040.172
kernel,"void deep_gemm::sm90_fp8_paged_mqa_logits<1u, 64u, 128u, 64u, true, false, 3u, 3u, 256u, 128u, 512u, float>(unsigned int, unsigned int, unsigned int, unsigned int const*, float*, unsigned int const*, unsigned int const*, unsigned int const*, CUtensorMap_st, CUtensorMap_st, CUtensorMap_st, CUtensorMap_st)",missing_external_id,,[],[],21504,199963.957
kernel,nvjet_tst_64x32_64x16_1x2_h_bz_splitK_TNT,missing_external_id,,[],[],21147,178686.462
kernel,"void vllm::moe::moe_align_block_size_kernel<int>(int const*, int*, int*, int*, int*, int, int, int, int, unsigned long, int*, int, int, bool)",missing_external_id,,[],[],44032,177588.545
kernel,kernel_cutlass_kernel_vllmmodelsdeepseek_v4nvidiaopsfused_indexer_q_cutedslIndexerQFp8Kernel_object_at__tensorptri64gmemo1_tensorptrbf16gmemalign32o64128i64div16i64div161_tensorptrf32gmem_0,missing_external_id,,[],[],22197,157667.241
kernel,"void deep_gemm::sm90_fp8_gemm_1d2d_impl<(cute::UMMA::Major)0, 0u, 4096u, 256u, 1u, 64u, 32u, 128u, 128u, 128u, 64u, 16u, 128u, 128u, 1u, false, 132u, (deep_gemm::GemmType)0, deep_gemm::epilogue::transform::EpilogueIdentity>(float*, int*, unsigned int, unsigned int, unsigned int, CUtensorMap_st, CUtensorMap_st, CUtensorMap_st, CUtensorMap_st)",missing_external_id,,[],[],43301,148115.402
kernel,"void deep_gemm::sm90_fp8_gemm_1d2d_impl<(cute::UMMA::Major)0, 0u, 8192u, 1024u, 1u, 64u, 64u, 128u, 128u, 128u, 128u, 13u, 128u, 128u, 1u, false, 132u, (deep_gemm::GemmType)0, deep_gemm::epilogue::transform::EpilogueIdentity>(float*, int*, unsigned int, unsigned int, unsigned int, CUtensorMap_st, CUtensorMap_st, CUtensorMap_st, CUtensorMap_st)",missing_external_id,,[],[],21147,144991.352
kernel,smxx::decode::get_mla_metadata_kernel(GetDecodeSchedMetaParams),missing_external_id,,[],[],4096,129856.180
kernel,_fused_q_kv_rmsnorm_kernel,missing_external_id,,[],[],45451,116914.942
kernel,"void vllm::filtered_topk::FilteredTopKUnifiedKernel<float, int, 4, 512u, false>(float const*, int*, int const*, unsigned int, unsigned int, unsigned int)",missing_external_id,,[],[],21147,109322.116
kernel,moe_sum_kernel,missing_external_id,,[],[],44032,107466.109
kernel,_fused_inv_rope_fp8_quant_per_head,missing_external_id,,[],[],44032,98938.544
kernel,triton_poi_fused_clamp_mul_sigmoid_slice_0,missing_external_id,,[],[],44032,91637.646
kernel,"void vllm::act_and_mul_kernel<c10::BFloat16, __nv_bfloat162, &(c10::BFloat16 vllm::silu_kernel<c10::BFloat16>(c10::BFloat16 const&, float)), &(__nv_bfloat162 vllm::packed_silu_kernel<__nv_bfloat162>(__nv_bfloat162 const&, float)), true, true, true, false>(c10::BFloat16*, c10::BFloat16 const*, int, float, float, float)",missing_external_id,,[],[],44032,84753.626
kernel,"void deep_gemm::sm90_fp8_gemm_1d2d_impl<(cute::UMMA::Major)0, 0u, 1024u, 4096u, 1u, 256u, 128u, 128u, 128u, 128u, 128u, 3u, 128u, 256u, 1u, false, 132u, (deep_gemm::GemmType)4, deep_gemm::epilogue::transform::EpilogueIdentity>(float*, int*, unsigned int, unsigned int, unsigned int, CUtensorMap_st, CUtensorMap_st, CUtensorMap_st, CUtensorMap_st)",missing_external_id,,[],[],1376,75646.579
kernel,mul_scalar_kernel,missing_external_id,,[],[],44032,74175.132
kernel,add_func_kernel_rank_1,missing_external_id,,[],[],44032,71895.824
kernel,kernel_cutlass_kernel_vllmmodelsdeepseek_v4nvidiaopssparse_attn_compress_cutedslSparseAttnNormRopeStoreKernel_object_at__tensorptrf32gmemo5125121_tensorptri64gmemalign64o1_tensorptri64gme_0,missing_external_id,,[],[],21140,67137.537
kernel,"void vllm::moe::count_and_sort_expert_tokens_kernel<int>(int const*, int*, int*, int*, unsigned long, int, int, int, bool)",missing_external_id,,[],[],44032,65958.961
kernel,"void cublasLt::splitKreduce_kernel<32, 16, int, float, __nv_bfloat16, float, __nv_bfloat16, false, float, __nv_bfloat16, __nv_bfloat16, true, false, false, false>(cublasLt::cublasSplitKParams<float>, float const*, __nv_bfloat16 const*, float*, __nv_bfloat16*, float const*, float const*, __nv_bfloat16 const*, float const*, __nv_bfloat16*, void*, long, float*, int*, float*, float*, float const*, float const*, float const*, float const*, float const*)",missing_external_id,,[],[],21504,55694.901
kernel,_compute_global_topk_indices_and_lens_kernel,missing_external_id,,[],[],22176,53203.988
kernel,fill_scalar_kernel,missing_external_id,,[],[],21504,47003.877
kernel,zeros_kernel,missing_external_id,,[],[],44032,36851.482
kernel,"void vllm::cross_device_reduce_1stage<__nv_bfloat16, 8>(vllm::RankData*, vllm::RankSignals, vllm::Signal*, __nv_bfloat16*, int, int)",missing_external_id,,[],[],783,26538.660
kernel,_combine_topk_swa_indices_kernel,missing_external_id,,[],[],1419,24189.809
kernel,_compute_slot_mapping_kernel,missing_external_id,,[],[],5280,16210.595
kernel,hc_head_fuse_tilelang_kernel,missing_external_id,,[],[],1057,14107.481
kernel,_repeat_flaggems_jit_function,missing_external_id,,[],[],1024,12971.661
kernel,kernel_cutlass_kernel_vllmmodelsdeepseek_v4nvidiaopsdequant_gather_k_cutedslDequantGatherKCacheKernel_object_at__tensorptrbf16gmemalign32o512i64div16i64div161_tensorptri8gmemalign32o64576_0,missing_external_id,,[],[],2112,12346.642
kernel,nvjet_tss_64x32_64x16_4x1_v_bz_splitK_TNT,missing_external_id,,[],[],840,6128.113
kernel,_compressed_slot_mapping_kernel,missing_external_id,,[],[],3168,5616.890
kernel,"void tensorrt_llm::kernels::fp8_blockscale_gemm::scale_1x128_kernel<__nv_bfloat16, __nv_fp8_e4m3, float>(__nv_fp8_e4m3*, float*, __nv_bfloat16 const*, int, int)",missing_external_id,,[],[],2124,4970.647
kernel,_compute_swa_indices_and_lens_kernel,missing_external_id,,[],[],2176,4842.057
kernel,"void deep_gemm::sm90_tf32_hc_prenorm_gemm_impl<24u, 16384u, 64u, 32u, 64u, 2u, 128u, 12u, 128u, 128u>(unsigned int, CUtensorMap_st, CUtensorMap_st, CUtensorMap_st, float*)",missing_external_id,,[],[],86,4786.433
kernel,"void deep_gemm::fp8_gemm_kernel_swapAB<4096u, 1024u, 128u, 16u, 128u, 1u, 8u, 128u, 128u, 1u, deep_gemm::NormalSchedulerSwapAB<4096u, 128u, 16u, 1u, 1u, 32u, 16u>, deep_gemm::NormalSchedulerInputSwapAB>(__nv_bfloat16*, float*, deep_gemm::NormalSchedulerInputSwapAB, CUtensorMap_st, CUtensorMap_st, CUtensorMap_st, CUtensorMap_st)",missing_external_id,,[],[],774,4250.788
kernel,mul_broadcast_2d_kernel,missing_external_id,,[],[],2048,3679.661
kernel,"void deep_gemm::sm90_fp8_gemm_1d2d_impl<(cute::UMMA::Major)0, 0u, 4096u, 1024u, 1u, 32u, 32u, 128u, 128u, 128u, 64u, 16u, 128u, 128u, 1u, false, 132u, (deep_gemm::GemmType)0, deep_gemm::epilogue::transform::EpilogueIdentity>(float*, int*, unsigned int, unsigned int, unsigned int, CUtensorMap_st, CUtensorMap_st, CUtensorMap_st, CUtensorMap_st)",missing_external_id,,[],[],688,3673.967
kernel,"void deep_gemm::sched::smxx_paged_mqa_logits_metadata<64u, 256u, 132u, false>(unsigned int, unsigned int, bool, unsigned int const*, unsigned int const*, unsigned int*)",missing_external_id,,[],[],1022,3611.467
kernel,nvjet_tss_64x8_64x16_4x1_v_bz_splitK_TNT,missing_external_id,,[],[],525,3555.954
kernel,mhc_fused_tilelang_kernel,missing_external_id,,[],[],765,3407.466
kernel,"void at::native::unrolled_elementwise_kernel<at::native::direct_copy_kernel_cuda(at::TensorIteratorBase&)::{lambda()#3}::operator()() const::{lambda()#7}::operator()() const::{lambda(float)#1}, std::array<char*, 2ul>, 4, TrivialOffsetCalculator<1, unsigned int>, TrivialOffsetCalculator<1, unsigned int>, at::native::memory::LoadWithCast<1>, at::native::memory::StoreWithCast<1> >(int, at::native::direct_copy_kernel_cuda(at::TensorIteratorBase&)::{lambda()#3}::operator()() const::{lambda()#7}::operator()() const::{lambda(float)#1}, std::array<char*, 2ul>, TrivialOffsetCalculator<1, unsigned int>, TrivialOffsetCalculator<1, unsigned int>, at::native::memory::LoadWithCast<1>, at::native::memory::StoreWithCast<1>)",missing_external_id,,[],[],1024,2900.751
kernel,"void deep_gemm::fp8_gemm_kernel_swapAB<1536u, 4096u, 128u, 16u, 128u, 1u, 8u, 128u, 128u, 1u, deep_gemm::NormalSchedulerSwapAB<1536u, 128u, 16u, 1u, 1u, 12u, 16u>, deep_gemm::NormalSchedulerInputSwapAB>(__nv_bfloat16*, float*, deep_gemm::NormalSchedulerInputSwapAB, CUtensorMap_st, CUtensorMap_st, CUtensorMap_st, CUtensorMap_st)",missing_external_id,,[],[],387,2891.010
kernel,nvjet_tss_64x16_64x16_4x1_v_bz_splitK_TNT,missing_external_id,,[],[],420,2876.116
kernel,"void deep_gemm::fp8_gemm_kernel_swapAB<512u, 4096u, 128u, 16u, 128u, 1u, 8u, 128u, 128u, 1u, deep_gemm::NormalSchedulerSwapAB<512u, 128u, 16u, 1u, 1u, 4u, 16u>, deep_gemm::NormalSchedulerInputSwapAB>(__nv_bfloat16*, float*, deep_gemm::NormalSchedulerInputSwapAB, CUtensorMap_st, CUtensorMap_st, CUtensorMap_st, CUtensorMap_st)",missing_external_id,,[],[],387,2745.271
kernel,_build_c128a_topk_metadata_kernel,missing_external_id,,[],[],1056,2555.411
kernel,"void deep_gemm::sm90_fp8_gemm_1d2d_impl<(cute::UMMA::Major)0, 0u, 1536u, 4096u, 1u, 32u, 16u, 128u, 128u, 128u, 32u, 16u, 128u, 128u, 1u, false, 132u, (deep_gemm::GemmType)0, deep_gemm::epilogue::transform::EpilogueIdentity>(float*, int*, unsigned int, unsigned int, unsigned int, CUtensorMap_st, CUtensorMap_st, CUtensorMap_st, CUtensorMap_st)",missing_external_id,,[],[],344,2493.372
kernel,"void deep_gemm::sm90_fp8_gemm_1d2d_impl<(cute::UMMA::Major)0, 0u, 1024u, 4096u, 1u, 16u, 16u, 128u, 128u, 128u, 32u, 16u, 128u, 128u, 1u, false, 132u, (deep_gemm::GemmType)4, deep_gemm::epilogue::transform::EpilogueIdentity>(float*, int*, unsigned int, unsigned int, unsigned int, CUtensorMap_st, CUtensorMap_st, CUtensorMap_st, CUtensorMap_st)",missing_external_id,,[],[],387,2457.303
kernel,pow_func_tensor_scalar_kernel_rank_1,missing_external_id,,[],[],1024,2346.604
kernel,"void deep_gemm::sm90_fp8_gemm_1d2d_impl<(cute::UMMA::Major)0, 0u, 1024u, 4096u, 1u, 32u, 16u, 128u, 128u, 128u, 32u, 16u, 128u, 128u, 1u, false, 132u, (deep_gemm::GemmType)4, deep_gemm::epilogue::transform::EpilogueIdentity>(float*, int*, unsigned int, unsigned int, unsigned int, CUtensorMap_st, CUtensorMap_st, CUtensorMap_st, CUtensorMap_st)",missing_external_id,,[],[],344,2236.523
kernel,"void deep_gemm::sm90_fp8_gemm_1d2d_impl<(cute::UMMA::Major)0, 0u, 512u, 4096u, 1u, 32u, 16u, 128u, 128u, 128u, 32u, 16u, 128u, 128u, 1u, false, 132u, (deep_gemm::GemmType)0, deep_gemm::epilogue::transform::EpilogueIdentity>(float*, int*, unsigned int, unsigned int, unsigned int, CUtensorMap_st, CUtensorMap_st, CUtensorMap_st, CUtensorMap_st)",missing_external_id,,[],[],344,2166.790
kernel,kernel_cutlass_kernel_vllmmodelsdeepseek_v4nvidiaopsdequant_gather_k_cutedslDequantGatherKCacheKernel_object_at__tensorptrbf16gmemalign32o512i64div16i64div161_tensorptri8gmemalign32o2576i_0,missing_external_id,,[],[],660,2144.999
kernel,"void deep_gemm::sm90_fp8_gemm_1d2d_impl<(cute::UMMA::Major)0, 0u, 1024u, 4096u, 1u, 128u, 192u, 128u, 128u, 128u, 128u, 4u, 128u, 256u, 1u, false, 132u, (deep_gemm::GemmType)4, deep_gemm::epilogue::transform::EpilogueIdentity>(float*, int*, unsigned int, unsigned int, unsigned int, CUtensorMap_st, CUtensorMap_st, CUtensorMap_st, CUtensorMap_st)",missing_external_id,,[],[],43,1938.537
kernel,embedding_kernel,missing_external_id,,[],[],1024,1745.662
kernel,masked_fill_kernel_kernel_rank_2,missing_external_id,,[],[],1024,1610.239
kernel,mean_dim_kernel_inner,missing_external_id,,[],[],1024,1589.048
kernel,nvjet_tst_32x64_64x16_2x1_v_bz_splitK_TNN,missing_external_id,,[],[],168,1562.367
kernel,"void at::native::vectorized_elementwise_kernel<8, at::native::bfloat16_copy_kernel_cuda(at::TensorIteratorBase&)::{lambda(float)#1}, std::array<char*, 2ul> >(int, at::native::bfloat16_copy_kernel_cuda(at::TensorIteratorBase&)::{lambda(float)#1}, std::array<char*, 2ul>)",missing_external_id,,[],[],1024,1417.198
kernel,"void deep_gemm::fp8_gemm_kernel_swapAB<4096u, 256u, 128u, 16u, 128u, 1u, 8u, 128u, 128u, 1u, deep_gemm::NormalSchedulerSwapAB<4096u, 128u, 16u, 1u, 1u, 32u, 16u>, deep_gemm::NormalSchedulerInputSwapAB>(__nv_bfloat16*, float*, deep_gemm::NormalSchedulerInputSwapAB, CUtensorMap_st, CUtensorMap_st, CUtensorMap_st, CUtensorMap_st)",missing_external_id,,[],[],387,1331.567
kernel,triton_poi_fused___and_____or___add_bitwise_not_ge_lt_mul_sub_0,missing_external_id,,[],[],1023,1307.711
kernel,"void deep_gemm::fp8_gemm_kernel_swapAB<8192u, 1024u, 128u, 16u, 128u, 1u, 8u, 128u, 128u, 1u, deep_gemm::NormalSchedulerSwapAB<8192u, 128u, 16u, 1u, 1u, 64u, 16u>, deep_gemm::NormalSchedulerInputSwapAB>(__nv_bfloat16*, float*, deep_gemm::NormalSchedulerInputSwapAB, CUtensorMap_st, CUtensorMap_st, CUtensorMap_st, CUtensorMap_st)",missing_external_id,,[],[],189,1267.379
kernel,"void marlin_moe_wna16::Marlin<1125899906909960l, 562949953487106l, 1125899906909960l, 2814749767106568l, 128, 1, 4, 8, true, 4, 2, false>(int4 const*, int4 const*, int4*, int4*, int4 const*, float const*, int4 const*, float const*, int4 const*, int const*, int const*, int const*, int const*, float const*, int, bool, int, int, int, int, int*, bool, bool, bool)",missing_external_id,,[],[],86,1263.681
kernel,void vllm::cooperative::cooperative_topk_cs4<512u>(vllm::cooperative::CooperativeTopKParams<512u>),missing_external_id,,[],[],252,1256.148
kernel,"void deep_gemm::sm90_fp8_gemm_1d2d_impl<(cute::UMMA::Major)0, 0u, 4096u, 256u, 1u, 32u, 32u, 128u, 128u, 128u, 64u, 16u, 128u, 128u, 1u, false, 132u, (deep_gemm::GemmType)0, deep_gemm::epilogue::transform::EpilogueIdentity>(float*, int*, unsigned int, unsigned int, unsigned int, CUtensorMap_st, CUtensorMap_st, CUtensorMap_st, CUtensorMap_st)",missing_external_id,,[],[],344,1225.717
kernel,"void deep_gemm::sm90_fp8_gemm_1d2d_impl<(cute::UMMA::Major)0, 0u, 8192u, 1024u, 1u, 32u, 64u, 128u, 128u, 128u, 128u, 16u, 128u, 128u, 1u, false, 132u, (deep_gemm::GemmType)0, deep_gemm::epilogue::transform::EpilogueIdentity>(float*, int*, unsigned int, unsigned int, unsigned int, CUtensorMap_st, CUtensorMap_st, CUtensorMap_st, CUtensorMap_st)",missing_external_id,,[],[],168,1162.489
kernel,rsqrt_func_kernel_rank_1,missing_external_id,,[],[],1024,1010.494
kernel,add_func_tensor_scalar_kernel_rank_1,missing_external_id,,[],[],1024,981.819
kernel,nvjet_tst_64x8_64x16_1x1_h_bz_splitK_TNT,missing_external_id,,[],[],105,942.676
kernel,nvjet_tst_64x16_64x16_1x1_h_bz_splitK_TNT,missing_external_id,,[],[],84,765.202
kernel,"void marlin_moe_wna16::Marlin<1125899906909960l, 562949953487106l, 1125899906909960l, 2814749767106568l, 256, 1, 8, 8, true, 4, 2, false>(int4 const*, int4 const*, int4*, int4*, int4 const*, float const*, int4 const*, float const*, int4 const*, int const*, int const*, int const*, int const*, float const*, int, bool, int, int, int, int, int*, bool, bool, bool)",missing_external_id,,[],[],43,606.443
kernel,void vllm::cooperative::cooperative_topk_cs8<512u>(vllm::cooperative::CooperativeTopKParams<512u>),missing_external_id,,[],[],105,556.503
kernel,"void deep_gemm::sched::smxx_paged_mqa_logits_metadata<32u, 256u, 132u, false>(unsigned int, unsigned int, bool, unsigned int const*, unsigned int const*, unsigned int*)",missing_external_id,,[],[],34,97.402
kernel,_build_prefill_chunk_metadata_kernel,missing_external_id,,[],[],32,67.995
kernel,_compute_prefill_metadata_kernel,missing_external_id,,[],[],64,66.240
kernel,triton_poi_fused___and_____or___add_ge_lt_mul_sub_0,missing_external_id,,[],[],1,1.857
kernel,triton_poi_fused___and_____or___bitwise_not_ge_lt_1,missing_external_id,,[],[],1,1.025
